-- phpMyAdmin SQL Dump
-- version 5.0.2
-- https://www.phpmyadmin.net/
--
-- Host: localhost
-- Generation Time: Nov 04, 2020 at 05:35 AM
-- Server version: 10.3.22-MariaDB-0+deb10u1
-- PHP Version: 7.3.14-1~deb10u1

SET SQL_MODE = "NO_AUTO_VALUE_ON_ZERO";
START TRANSACTION;
SET time_zone = "+00:00";


/*!40101 SET @OLD_CHARACTER_SET_CLIENT=@@CHARACTER_SET_CLIENT */;
/*!40101 SET @OLD_CHARACTER_SET_RESULTS=@@CHARACTER_SET_RESULTS */;
/*!40101 SET @OLD_COLLATION_CONNECTION=@@COLLATION_CONNECTION */;
/*!40101 SET NAMES utf8mb4 */;

--
-- Database: `itts`
--

-- --------------------------------------------------------

--
-- Table structure for table `categories`
--

CREATE TABLE `categories` (
  `id` bigint(20) UNSIGNED NOT NULL,
  `system_id` int(10) UNSIGNED NOT NULL,
  `name` varchar(255) COLLATE utf8mb4_unicode_ci NOT NULL,
  `description` varchar(255) COLLATE utf8mb4_unicode_ci NOT NULL,
  `created_by` varchar(255) COLLATE utf8mb4_unicode_ci NOT NULL,
  `created_at` timestamp NULL DEFAULT NULL,
  `updated_at` timestamp NULL DEFAULT NULL
) ENGINE=InnoDB DEFAULT CHARSET=utf8mb4 COLLATE=utf8mb4_unicode_ci;

--
-- Dumping data for table `categories`
--

INSERT INTO `categories` (`id`, `system_id`, `name`, `description`, `created_by`, `created_at`, `updated_at`) VALUES
(1, 1, 'Master Data Management', 'Master Data Management', 'Tanvir Rahim', '2019-10-20 18:00:00', '2019-10-20 18:00:00'),
(5, 1, 'Troubleshooting', 'Troubleshooting', 'Tanvir Rahim', '2019-10-20 18:00:00', '2019-10-20 18:00:00'),
(10, 1, 'Report Management', 'Report Management', 'Tanvir Rahim', '2020-04-01 18:00:00', '2020-04-01 18:00:00'),
(14, 1, 'New Business/Functionality Development', 'New Business Development', 'Tanvir Rahim', '2020-04-01 18:00:00', '2020-04-01 18:00:00'),
(18, 1, 'Incident management', 'Incident management', 'Tanvir Rahim', '2020-04-01 18:00:00', '2020-04-01 18:00:00'),
(22, 1, 'Datawarehouse management', 'Datawarehouse management', 'Tanvir Rahim', '2020-04-01 18:00:00', '2020-04-01 18:00:00'),
(25, 1, 'Maintenance', 'Maintenance', 'Tanvir Rahim', '2020-04-01 18:00:00', '2020-04-01 18:00:00'),
(30, 1, 'Administration', 'Administration', 'Tanvir Rahim', '2020-04-01 18:00:00', '2020-04-01 18:00:00'),
(35, 1, 'Interface Management', 'Interface Management', 'Tanvir Rahim', '2020-04-01 18:00:00', '2020-04-01 18:00:00'),
(39, 1, 'Project', 'Project', 'Tanvir Rahim', '2020-04-01 18:00:00', '2020-04-01 18:00:00'),
(40, 7, 'S/W Development', 'Software Development', 'Tanvir Rahim', '2020-04-11 13:19:22', '2020-04-11 13:19:22'),
(41, 1, 'Security & Access', 'Any job related to security and access', 'Tanvir Rahim', '2020-04-11 13:21:32', '2020-04-11 13:21:32'),
(42, 1, 'Support', 'Support', 'Tanvir Rahim', '2020-08-13 09:05:56', '2020-08-13 09:05:56'),
(43, 1, 'Training', 'Conduct Training', 'Tanvir Rahim', '2020-08-20 09:44:04', '2020-08-20 09:44:04');

-- --------------------------------------------------------

--
-- Table structure for table `divisions`
--

CREATE TABLE `divisions` (
  `id` bigint(20) UNSIGNED NOT NULL,
  `name` varchar(255) COLLATE utf8mb4_unicode_ci NOT NULL,
  `description` varchar(255) COLLATE utf8mb4_unicode_ci NOT NULL,
  `created_by` varchar(255) COLLATE utf8mb4_unicode_ci NOT NULL,
  `created_at` timestamp NULL DEFAULT NULL,
  `updated_at` timestamp NULL DEFAULT NULL
) ENGINE=InnoDB DEFAULT CHARSET=utf8mb4 COLLATE=utf8mb4_unicode_ci;

--
-- Dumping data for table `divisions`
--

INSERT INTO `divisions` (`id`, `name`, `description`, `created_by`, `created_at`, `updated_at`) VALUES
(1, 'SCM', 'Supply Chain Management', 'Tanvir Rahim', '2019-10-20 18:00:00', '2019-10-20 18:00:00'),
(2, 'PSD', 'Product Support Division', 'Tanvir Rahim', '2020-03-27 18:00:00', '2020-03-27 18:00:00'),
(3, 'F&A', 'Finance & Accounts', 'Tanvir Rahim', '2020-03-27 18:00:00', '2020-03-27 18:00:00'),
(4, 'IT&ERP', 'IT&ERP Division', 'Tanvir Rahim', '2020-04-01 18:00:00', '2020-04-01 18:00:00'),
(5, 'LBA', 'LBA Division', 'Tanvir Rahim', '2020-04-01 18:00:00', '2020-04-01 18:00:00'),
(6, 'Sales', 'Sales Division', 'Tanvir Rahim', '2020-04-01 18:00:00', '2020-04-01 18:00:00'),
(7, 'Alied', 'Alied Division', 'Tanvir Rahim', '2020-04-01 18:00:00', '2020-04-01 18:00:00'),
(8, 'CRM', 'CRM Division', 'Tanvir Rahim', '2020-04-01 18:00:00', '2020-04-01 18:00:00'),
(9, 'Marine', 'Marine Division', '', '2020-04-01 18:00:00', '2020-04-01 18:00:00'),
(10, 'HR', 'HR Division', 'Tanvir Rahim', '2020-04-01 18:00:00', '2020-04-01 18:00:00'),
(11, 'Admin', 'Admin Division', 'Tanvir Rahim', '2020-04-01 18:00:00', '2020-04-01 18:00:00'),
(12, 'Service', 'Service Division', 'Tanvir Rahim', '2020-04-01 18:00:00', '2020-04-01 18:00:00'),
(13, 'CPU', 'CPU Division', 'Tanvir Rahim', '2020-04-01 18:00:00', '2020-04-01 18:00:00'),
(14, 'Rental', 'Rental Company', 'Tanvir Rahim', '2020-04-01 18:00:00', '2020-04-01 18:00:00'),
(15, 'Infor', 'Any job related to Infor', 'Tanvir Rahim', '2020-04-06 06:59:07', '2020-04-06 06:59:07'),
(16, 'AISL', 'Acorn Infrastructure Services Ltd.', 'Tanvir Rahim', '2020-04-11 13:13:41', '2020-04-11 13:13:41'),
(17, 'Internal Audit', 'Internal Audit', 'Tanvir Rahim', '2020-04-11 13:13:41', '2020-04-11 13:13:41'),
(18, 'DMT', 'Daud Machinery Trading DWC-LLC', 'Tanvir Rahim', '2020-04-28 13:13:41', '2020-04-28 13:13:41'),
(19, 'Management', 'Management', 'Tanvir Rahim', '2020-08-13 09:02:08', '2020-08-13 09:02:08'),
(20, 'Digital Enterprise', 'Digital Enterprise Division', 'Tanvir Rahim', '2020-08-13 09:09:14', '2020-08-13 09:09:14');

-- --------------------------------------------------------

--
-- Table structure for table `failed_jobs`
--

CREATE TABLE `failed_jobs` (
  `id` bigint(20) UNSIGNED NOT NULL,
  `connection` text COLLATE utf8mb4_unicode_ci NOT NULL,
  `queue` text COLLATE utf8mb4_unicode_ci NOT NULL,
  `payload` longtext COLLATE utf8mb4_unicode_ci NOT NULL,
  `exception` longtext COLLATE utf8mb4_unicode_ci NOT NULL,
  `failed_at` timestamp NOT NULL DEFAULT current_timestamp()
) ENGINE=InnoDB DEFAULT CHARSET=utf8mb4 COLLATE=utf8mb4_unicode_ci;

-- --------------------------------------------------------

--
-- Table structure for table `migrations`
--

CREATE TABLE `migrations` (
  `id` int(10) UNSIGNED NOT NULL,
  `migration` varchar(255) COLLATE utf8mb4_unicode_ci NOT NULL,
  `batch` int(11) NOT NULL
) ENGINE=InnoDB DEFAULT CHARSET=utf8mb4 COLLATE=utf8mb4_unicode_ci;

--
-- Dumping data for table `migrations`
--

INSERT INTO `migrations` (`id`, `migration`, `batch`) VALUES
(1, '2014_10_12_000000_create_users_table', 1),
(2, '2014_10_12_100000_create_password_resets_table', 2),
(3, '2019_08_19_000000_create_failed_jobs_table', 2),
(5, '2020_03_24_203936_tickets', 3),
(6, '2020_03_24_205812_systems', 4),
(7, '2020_03_24_205819_categories', 4),
(25, '2020_03_26_105506_create_systems_table', 5),
(26, '2020_03_26_105520_create_categories_table', 5),
(27, '2020_03_26_110108_create_tickets_table', 5),
(28, '2020_03_26_110630_create_divisions_table', 5),
(37, '2020_03_26_132009_create_divisions_table', 6),
(38, '2020_03_26_133057_create_systems_table', 6),
(39, '2020_03_26_133123_create_categories_table', 6),
(40, '2020_03_26_133133_create_tickets_table', 6),
(41, '2020_03_28_155822_create_statuses_table', 7),
(42, '2020_04_01_150716_create_reports_table', 8);

-- --------------------------------------------------------

--
-- Table structure for table `password_resets`
--

CREATE TABLE `password_resets` (
  `email` varchar(255) COLLATE utf8mb4_unicode_ci NOT NULL,
  `token` varchar(255) COLLATE utf8mb4_unicode_ci NOT NULL,
  `created_at` timestamp NULL DEFAULT NULL
) ENGINE=InnoDB DEFAULT CHARSET=utf8mb4 COLLATE=utf8mb4_unicode_ci;

--
-- Dumping data for table `password_resets`
--

INSERT INTO `password_resets` (`email`, `token`, `created_at`) VALUES
('tanvir.rahim@banglacat.com', '$2y$10$EMynpTsp8lHK35SedvUKEeL4UEhrs908Co2sc0h0UevXuKwBoYeqC', '2020-04-02 19:17:09');

-- --------------------------------------------------------

--
-- Table structure for table `reports`
--

CREATE TABLE `reports` (
  `id` bigint(20) UNSIGNED NOT NULL,
  `name` varchar(255) COLLATE utf8mb4_unicode_ci NOT NULL,
  `description` varchar(255) COLLATE utf8mb4_unicode_ci NOT NULL,
  `created_by` varchar(255) COLLATE utf8mb4_unicode_ci NOT NULL,
  `created_at` timestamp NULL DEFAULT NULL,
  `updated_at` timestamp NULL DEFAULT NULL
) ENGINE=InnoDB DEFAULT CHARSET=utf8mb4 COLLATE=utf8mb4_unicode_ci;

-- --------------------------------------------------------

--
-- Table structure for table `statuses`
--

CREATE TABLE `statuses` (
  `id` bigint(20) UNSIGNED NOT NULL,
  `name` varchar(255) COLLATE utf8mb4_unicode_ci NOT NULL,
  `description` varchar(255) COLLATE utf8mb4_unicode_ci NOT NULL,
  `created_by` varchar(255) COLLATE utf8mb4_unicode_ci NOT NULL,
  `created_at` timestamp NULL DEFAULT NULL,
  `updated_at` timestamp NULL DEFAULT NULL
) ENGINE=InnoDB DEFAULT CHARSET=utf8mb4 COLLATE=utf8mb4_unicode_ci;

--
-- Dumping data for table `statuses`
--

INSERT INTO `statuses` (`id`, `name`, `description`, `created_by`, `created_at`, `updated_at`) VALUES
(1, 'Done', 'Ticket completed', 'Tanvir Rahim', '2020-03-27 18:00:00', '2020-03-27 18:00:00'),
(2, 'On Progress', 'Work on progress', 'Tanvir Rahim', '2020-03-27 18:00:00', '2020-03-27 18:00:00'),
(3, 'Hold', 'Ticket On-Hold', 'Tanvir', '2020-03-27 18:00:00', '2020-03-27 18:00:00');

-- --------------------------------------------------------

--
-- Table structure for table `systems`
--

CREATE TABLE `systems` (
  `id` bigint(20) UNSIGNED NOT NULL,
  `name` varchar(255) COLLATE utf8mb4_unicode_ci NOT NULL,
  `description` varchar(255) COLLATE utf8mb4_unicode_ci NOT NULL,
  `created_by` varchar(255) COLLATE utf8mb4_unicode_ci NOT NULL,
  `created_at` timestamp NULL DEFAULT NULL,
  `updated_at` timestamp NULL DEFAULT NULL
) ENGINE=InnoDB DEFAULT CHARSET=utf8mb4 COLLATE=utf8mb4_unicode_ci;

--
-- Dumping data for table `systems`
--

INSERT INTO `systems` (`id`, `name`, `description`, `created_by`, `created_at`, `updated_at`) VALUES
(1, 'M3', 'M3', 'Tanvir Rahim', '2019-10-20 18:00:00', '2019-10-20 18:00:00'),
(2, 'SMS', 'SMS', 'Tanvir Rahim', '2019-10-20 18:00:00', '2020-03-25 18:00:00'),
(3, 'Server', 'Server Related Jobs', 'Tanvir Rahim', '2020-04-01 18:00:00', '2020-04-01 18:00:00'),
(4, 'UYVMS', 'VAT Software', 'Tanvir Rahim', '2020-04-01 18:00:00', '2020-04-01 18:00:00'),
(5, 'Landmark', 'Landmark', 'Tanvir Rahim', '2020-04-01 18:00:00', '2020-04-01 18:00:00'),
(6, 'Project', 'Project', 'Tanvir Rahim', '2020-04-01 18:00:00', '2020-04-01 18:00:00'),
(7, 'S/W Development', 'Software Development', 'Tanvir Rahim', '2020-04-11 13:18:45', '2020-04-11 13:18:45'),
(8, 'Others', 'Others', 'Tanvir Rahim', '2020-08-13 09:03:57', '2020-08-13 09:03:57');

-- --------------------------------------------------------

--
-- Table structure for table `tickets`
--

CREATE TABLE `tickets` (
  `id` bigint(20) UNSIGNED NOT NULL,
  `name` varchar(255) COLLATE utf8mb4_unicode_ci NOT NULL,
  `description` varchar(255) COLLATE utf8mb4_unicode_ci DEFAULT NULL,
  `raised_by` varchar(255) COLLATE utf8mb4_unicode_ci NOT NULL,
  `division_id` int(10) UNSIGNED NOT NULL,
  `user_id` int(10) UNSIGNED NOT NULL,
  `system_id` int(10) UNSIGNED NOT NULL,
  `category_id` int(10) UNSIGNED NOT NULL,
  `severity` varchar(191) COLLATE utf8mb4_unicode_ci NOT NULL,
  `severity_comments` varchar(255) COLLATE utf8mb4_unicode_ci DEFAULT NULL,
  `statuses_id` int(10) UNSIGNED NOT NULL,
  `created_at` timestamp NULL DEFAULT NULL,
  `updated_at` timestamp NULL DEFAULT NULL
) ENGINE=InnoDB DEFAULT CHARSET=utf8mb4 COLLATE=utf8mb4_unicode_ci;

--
-- Dumping data for table `tickets`
--

INSERT INTO `tickets` (`id`, `name`, `description`, `raised_by`, `division_id`, `user_id`, `system_id`, `category_id`, `severity`, `severity_comments`, `statuses_id`, `created_at`, `updated_at`) VALUES
(28, 'Get a host ip from Network department', NULL, 'Tanvir Rahim', 4, 1, 6, 39, '', NULL, 1, '2020-04-05 06:21:39', '2020-04-05 07:23:12'),
(29, 'Check daily bakup', NULL, 'Tanvir Rahim', 4, 1, 3, 25, '', NULL, 1, '2020-04-05 06:22:24', '2020-04-05 07:23:18'),
(30, 'Check M3 health', NULL, 'Tanvir Rahim', 4, 1, 1, 25, '', NULL, 1, '2020-04-05 06:23:28', '2020-04-05 07:23:26'),
(31, 'Prepare Laravel Application Server', 'An Application server for Lavavel', 'Tanvir Rahim', 4, 1, 6, 39, '', NULL, 1, '2020-04-05 07:30:02', '2020-04-05 13:46:01'),
(32, 'invoice value mismatched with co value', 'invoice value mismatched with co value', 'jafar khan', 3, 2, 1, 5, 'LOW', NULL, 1, '2020-04-01 09:41:00', '2020-05-04 14:42:10'),
(33, 'Price File Updating', 'Downloading Price Files and Updating them in INTGRSRV2 and Lawson M3.', 'Annatoma Islam', 4, 4, 3, 25, '', NULL, 1, '2020-04-05 11:51:18', '2020-04-05 12:07:35'),
(34, 'Server Checking', 'Checking available space and full functioning status of WEBSRV, DATAWHSRV and INTGRSRV2 servers', 'Annatoma Islam', 4, 4, 3, 25, '', NULL, 1, '2020-04-05 12:07:21', '2020-04-05 12:07:41'),
(35, 'SMS Login Problem', NULL, 'Farhana Yeasmin', 2, 3, 2, 5, 'LOW', NULL, 1, '2020-04-05 12:14:50', '2020-05-04 13:58:34'),
(36, 'Datawarehouse Job Checking', NULL, 'Nesma Huda', 4, 3, 1, 22, 'LOW', NULL, 1, '2020-04-05 12:15:40', '2020-05-04 13:58:55'),
(37, 'Working with incident 14111688', 'RPD support to Infor support', 'Sharmin Shawon', 4, 1, 1, 18, '', NULL, 1, '2020-04-05 14:49:06', '2020-04-05 14:50:44'),
(38, 'Check daily bakup', 'Daily backup of as400', 'Tanvir Rahim', 4, 1, 3, 25, '', NULL, 1, '2020-04-06 04:47:52', '2020-04-06 06:32:48'),
(39, 'MOS100 Access problem', 'M3 program access problem', 'Abu Al Masud', 12, 1, 1, 5, '', NULL, 1, '2020-04-06 04:51:47', '2020-04-06 06:32:58'),
(40, 'Budget approval', 'Budget approval total of 260000 BDT for the discount slab project', 'Abdullah Al Kafy', 3, 1, 6, 14, '', NULL, 1, '2020-04-06 06:32:26', '2020-04-06 07:03:40'),
(41, 'RDP access problem', 'RDP access problem for Infor support Laarni', 'Laarni Almodovar', 15, 1, 1, 18, '', NULL, 1, '2020-04-06 07:01:07', '2020-04-06 09:18:35'),
(42, 'M3 access problem', 'M3 got disconnection frequently', 'Progga Laboni', 3, 1, 1, 5, '', NULL, 1, '2020-04-06 09:07:46', '2020-04-06 13:59:20'),
(43, 'Webex with Infor support', 'Webex with infor support Laarni Almodovar for her access issue', 'Laarni Almodovar', 15, 1, 1, 18, '', NULL, 1, '2020-04-06 09:17:24', '2020-04-06 13:59:59'),
(44, 'webex with infor', 'WEBEX SESSION FOR invoice value mismatched with co value', 'jafar khan', 3, 2, 1, 18, '', NULL, 1, '2020-04-06 10:16:18', '2020-04-22 12:40:05'),
(45, 'data extract for incident', 'data extract for incident invoice value mismatched with co value', 'jafar khan', 3, 2, 1, 18, '', NULL, 1, '2020-04-06 10:17:02', '2020-04-22 12:39:07'),
(46, 'Price File Updating', NULL, 'Annatoma Islam', 4, 4, 3, 25, '', NULL, 1, '2020-04-06 12:03:20', '2020-04-06 12:06:37'),
(47, 'Server Checking', NULL, 'Annatoma Islam', 4, 4, 3, 25, '', NULL, 1, '2020-04-06 12:06:24', '2020-04-06 12:06:42'),
(48, 'Scorecard', NULL, 'Annatoma Islam', 4, 4, 1, 10, '', NULL, 1, '2020-04-06 12:07:48', '2020-04-07 10:04:34'),
(49, 'Datawarehouse Job Checking', NULL, 'Nesma Huda', 4, 3, 1, 22, 'LOW', NULL, 1, '2020-04-06 13:08:45', '2020-05-04 14:01:10'),
(50, 'Datawarehouse Job Checking', NULL, 'Nesma Huda', 4, 3, 1, 22, 'LOW', NULL, 1, '2020-04-06 13:09:07', '2020-05-04 14:02:05'),
(51, 'Price File Updating', 'Updating Price files both in Lawson and INTGRSRV2', 'Annatoma Islam', 4, 4, 1, 25, '', NULL, 1, '2020-04-07 12:12:41', '2020-04-07 12:14:33'),
(52, 'Server Checking', 'Checking status and available free space in server', 'Annatoma Islam', 4, 4, 3, 25, '', NULL, 1, '2020-04-07 12:13:47', '2020-04-07 12:14:40'),
(53, 'SMS Engagement Report', NULL, 'Annatoma Islam', 4, 4, 2, 10, '', NULL, 1, '2020-04-07 12:14:18', '2020-04-08 12:18:24'),
(54, 'Customer report with creation date and opportunity', NULL, 'Md. Shahriar Khaled', 8, 3, 2, 10, 'MEDIUM', NULL, 1, '2020-04-07 12:18:07', '2020-05-04 13:59:15'),
(55, 'sms login issue', NULL, 'farhana', 2, 2, 2, 5, '', NULL, 1, '2020-04-07 12:23:31', '2020-04-22 12:38:43'),
(56, 'Datawarehouse Job checking', NULL, 'Nesma Huda', 4, 3, 1, 22, 'LOW', NULL, 1, '2020-04-07 12:37:47', '2020-05-04 14:03:56'),
(57, 'invoice value mismatched with co value', 'invoice value mismatched with co value', 'jafar khan', 3, 2, 1, 1, 'LOW', NULL, 1, '2020-04-08 08:57:25', '2020-05-04 17:52:34'),
(58, 'Price File Updating', 'Updating Item prices both in Lawson and INTGRSRV2', 'Annatoma Islam', 4, 4, 1, 25, '', NULL, 1, '2020-04-08 12:17:04', '2020-04-08 12:18:31'),
(59, 'Server Checking', 'Checking the status and available free space amount in DATAWHSRV, WEBSRV and INGRSRV2', 'Annatoma Islam', 4, 4, 3, 25, '', NULL, 1, '2020-04-08 12:18:05', '2020-04-08 12:18:35'),
(60, 'Datawarehouse Job checking', NULL, 'Nesma Huda', 4, 3, 1, 22, 'LOW', NULL, 1, '2020-04-08 13:15:30', '2020-05-04 14:04:18'),
(61, 'Warranty Settlement Report', NULL, 'Rumana Akhter', 3, 3, 1, 10, 'MEDIUM', NULL, 1, '2020-04-08 13:16:18', '2020-05-04 14:01:29'),
(62, 'Daily check', 'Daily check for all server and erp functionality', 'Tanvir Rahim', 4, 1, 3, 25, '', NULL, 1, '2020-04-07 02:22:28', '2020-04-08 14:54:34'),
(63, 'New Software Development', 'New Software Development -iTTS', 'Tanvir Rahim', 4, 1, 6, 39, '', NULL, 1, '2020-04-07 04:33:25', '2020-04-08 14:54:40'),
(64, 'Prepare host for iTTS', 'Prepare host for iTTS', 'Tanvir Rahim', 4, 1, 6, 39, '', NULL, 1, '2020-04-07 07:47:44', '2020-04-08 14:54:49'),
(65, 'SMS remote access problem', 'SMS remote access problem', 'Farhana Yesmin', 2, 1, 2, 5, '', NULL, 1, '2020-04-07 09:36:56', '2020-04-08 14:54:57'),
(66, 'Setting up Xenserver', 'Setting up Xenserver for iTTS project', 'Tanvir Rahim', 4, 1, 6, 39, '', NULL, 1, '2020-04-07 11:53:12', '2020-04-08 14:55:04'),
(67, 'Check all catalist server', 'Check all catalist server', 'Tanvir Rahim', 4, 1, 3, 25, '', NULL, 1, '2020-04-08 14:51:57', '2020-04-08 14:55:10'),
(68, 'inforsupport VPN not working', 'inforsupport VPN not working', 'Laarni Almodovar', 15, 1, 1, 5, '', NULL, 1, '2020-04-08 14:53:10', '2020-04-08 14:55:16'),
(69, 'Datawarehouse Job checking', NULL, 'Nesma Huda', 4, 3, 1, 22, 'LOW', NULL, 1, '2020-04-09 12:34:56', '2020-05-04 14:02:19'),
(70, 'Quotation Report to DAUD', 'Raised by DMT', 'Amir Mikhail', 18, 3, 2, 10, 'MEDIUM', NULL, 1, '2020-04-09 12:36:22', '2020-05-04 14:02:31'),
(71, 'Meeting With DMT', NULL, 'Sameh Naguib', 18, 3, 1, 39, 'MEDIUM', NULL, 1, '2020-04-09 12:37:23', '2020-05-04 14:02:46'),
(72, 'Price File Updating', 'Updating Item Price both in Lawson and INTGRSRV2', 'Annatoma Islam', 4, 4, 1, 25, '', NULL, 1, '2020-04-09 13:41:27', '2020-04-09 13:46:17'),
(73, 'Server Checking', 'Checking status and available free space in INTGRSRV2, WEBSRV, DATAWHSRV', 'Annatoma Islam', 4, 4, 3, 25, '', NULL, 1, '2020-04-09 13:42:16', '2020-04-09 13:46:22'),
(74, 'Item status updating', 'Checking status of items having replaced parts available in Lawson', 'Annatoma Islam', 4, 4, 1, 25, '', NULL, 1, '2020-04-09 13:43:14', '2020-04-09 13:46:27'),
(75, 'PIT File Error Checking', 'Checking if any error occurs after PIT file updating in INTGRSRV2', 'Annatoma Islam', 4, 4, 3, 25, '', NULL, 1, '2020-04-09 13:45:57', '2020-04-09 13:46:31'),
(76, 'All system check', 'All system check', 'Tanvir Rahim', 4, 1, 3, 25, '', NULL, 1, '2020-04-09 14:28:15', '2020-04-09 15:22:21'),
(77, 'VAT Challan problem', 'VAT Challan problem', 'Khaled Reza', 1, 1, 1, 5, '', NULL, 1, '2020-04-09 14:29:06', '2020-04-09 15:22:29'),
(78, 'mco create issue', 'mco create issue', 'farhana', 2, 2, 1, 5, '', NULL, 1, '2020-04-10 12:42:49', '2020-04-22 12:40:12'),
(79, 'bi view issue', 'bi view issue', 'khaled reza', 1, 2, 1, 5, '', NULL, 1, '2020-04-10 12:43:39', '2020-04-22 12:40:59'),
(80, 'corrective invoice create issue', 'corrective invoice create issue', 'jafar khan', 3, 2, 1, 5, 'MEDIUM', NULL, 1, '2020-05-02 12:44:00', '2020-05-04 17:46:42'),
(81, 'IT Inventory System for AISL requirement analysis', 'IT Inventory System for AISL requirement analysis', 'Mohammad Al Mamun', 16, 1, 7, 40, '', NULL, 1, '2020-04-11 13:19:41', '2020-04-13 13:40:27'),
(82, 'CRS145 access', 'CRS145 access', 'Jafar Khan', 3, 1, 1, 41, '', NULL, 1, '2020-04-11 13:22:38', '2020-04-13 13:40:39'),
(83, 'Price File Updating', 'Updating item prices both in Lawson and INTGRSRV2', 'Annatoma Islam', 4, 4, 1, 25, '', NULL, 1, '2020-04-12 13:13:55', '2020-04-12 13:18:27'),
(84, 'Server Checking', 'Checking status and available free space in INTGRSRV2, WEBSRV & DATAWHSRV', 'Annatoma Islam', 4, 4, 3, 25, '', NULL, 1, '2020-04-12 13:17:20', '2020-04-12 13:18:43'),
(85, 'iTTS modification', 'iTTS modification', 'Tanvir Rahim', 4, 1, 7, 40, '', NULL, 1, '2020-04-12 04:42:24', '2020-04-12 11:44:35'),
(86, 'Daily Jobs', 'Daily Jobs', 'Tanvir Rahim', 4, 1, 1, 25, '', NULL, 1, '2020-04-13 13:43:50', '2020-04-15 10:05:28'),
(87, 'New Software Development', 'New Software Development for AISL', 'Bazlur Rashid', 4, 1, 7, 40, '', NULL, 1, '2020-04-13 13:44:16', '2020-04-15 10:05:33'),
(88, 'Customer Report to finance', NULL, 'Md. Abu Horaira', 3, 3, 1, 10, 'MEDIUM', NULL, 1, '2020-04-13 13:56:16', '2020-05-04 14:02:58'),
(89, 'Meeting With DMT', NULL, 'Sameh Naguib', 18, 3, 1, 39, 'MEDIUM', NULL, 1, '2020-04-13 13:56:38', '2020-05-04 14:03:17'),
(90, 'Price File Updating', 'Updating item prices both in Lawson and INTGRSRV2', 'Annatoma Islam', 4, 4, 1, 25, '', NULL, 1, '2020-04-13 14:03:47', '2020-04-13 14:07:16'),
(91, 'Server Checking', 'Checking status and available free space in INTGRSRV2, WEBSRV and DATAWHSRV', 'Annatoma Islam', 4, 4, 3, 25, '', NULL, 1, '2020-04-13 14:04:32', '2020-04-13 14:07:21'),
(92, 'Item Creation', 'Creating new item in Lawson M3', 'Kazi Golam Ruhul Shariful Islam', 1, 4, 1, 1, '', NULL, 1, '2020-04-13 14:07:09', '2020-04-13 14:07:25'),
(93, 'corrective invoice create issue incident', 'corrective invoice create issue incident update', 'jafar khan', 3, 2, 1, 18, 'LOW', NULL, 1, '2020-04-15 09:23:42', '2020-05-04 14:43:49'),
(94, 'hr collaboration meeting', 'hr collaboration meeting', 'habibur rahman', 10, 2, 6, 30, '', NULL, 1, '2020-04-15 10:04:46', '2020-04-22 12:40:22'),
(95, 'Meeting with Hola', 'Meeting with Hola for VAT setup in M3', 'Shrinivas Holla', 15, 1, 1, 14, '', NULL, 1, '2020-04-15 10:06:19', '2020-04-15 10:17:08'),
(96, 'Inforsupport01 not working', 'Inforsupport01 not working', 'Laarni Almodovar', 15, 1, 1, 18, '', NULL, 1, '2020-04-15 10:06:48', '2020-04-15 10:17:15'),
(97, 'testing corrective invoicing issue', 'testing corrective invoicing issue', 'jafar khan', 3, 2, 1, 5, '', NULL, 1, '2020-04-15 10:06:49', '2020-04-22 12:40:36'),
(98, 'configure inforsupport02', 'configure inforsupport02, test and provide it to infor consultent', 'Shrinivas Holla', 15, 1, 1, 14, '', NULL, 1, '2020-04-15 10:07:25', '2020-04-15 10:17:21'),
(99, 'Check all catalist server', 'Check all catalist server', 'Tanvir Rahim', 4, 1, 3, 25, '', NULL, 1, '2020-04-15 10:08:57', '2020-04-15 10:17:28'),
(100, 'testing vpn for infor support', 'testing vpn for infor support', 'tanvir rahim', 4, 2, 1, 41, '', NULL, 1, '2020-04-15 10:09:00', '2020-04-22 12:40:48'),
(101, 'New Software Development', 'New Software Development for AISL', 'Bazlur Rashid', 4, 1, 7, 40, '', NULL, 1, '2020-04-15 10:10:24', '2020-04-16 14:09:41'),
(102, 'Price File Updating', 'Updating item price both in Lawson and INTGRSRV2', 'Annatoma Islam', 4, 4, 1, 25, '', NULL, 1, '2020-04-15 14:21:18', '2020-04-15 14:22:15'),
(103, 'Server Checking', 'Checking status and available free space in INTGRSRV2, WEBSRV and DATAWHSRV', 'Annatoma Islam', 4, 4, 3, 25, '', NULL, 1, '2020-04-15 14:22:07', '2020-04-15 14:22:20'),
(104, 'Price File Updating', 'Updating item prices both in Lawson and INTGRSRV2', 'Annatoma Islam', 4, 4, 1, 25, '', NULL, 1, '2020-04-16 13:14:49', '2020-04-16 13:19:58'),
(105, 'Server Checking', 'Checking status and available free space in INTGRSRV2, WEBSRV and DATAWHSRV', 'Annatoma Islam', 4, 4, 3, 25, '', NULL, 1, '2020-04-16 13:18:25', '2020-04-16 13:20:09'),
(106, 'PIT File Error Checking', 'PIT File Error Checking', 'Annatoma Islam', 4, 4, 3, 1, '', NULL, 1, '2020-04-16 13:19:06', '2020-04-16 13:20:20'),
(107, 'Item status updating', 'Item status updating', 'Annatoma Islam', 4, 4, 1, 1, '', NULL, 1, '2020-04-16 13:19:40', '2020-04-16 13:20:28'),
(108, 'New Software Development', 'New Software Development for AISL', 'Bazlur Rashid', 4, 1, 7, 40, '', NULL, 1, '2020-04-16 14:10:06', '2020-04-23 00:08:59'),
(109, 'Price File Updating', 'Updating Item Prices both in Lawson and INTGRSRV2', 'Annatoma Islam', 4, 4, 1, 25, '', NULL, 1, '2020-04-19 11:57:18', '2020-04-19 11:57:37'),
(110, 'Server Checking', 'Checking Status and available free space in INTGRSRV2, WEBSRV and DATAWHSRV', 'Annatoma Islam', 4, 4, 3, 25, '', NULL, 1, '2020-04-19 11:58:16', '2020-04-19 11:59:16'),
(111, 'Reman Item Updating', 'Reman Item Updating', 'Mamun Hoque', 1, 4, 1, 1, '', NULL, 1, '2020-04-19 11:59:07', '2020-04-23 13:16:13'),
(112, 'Datawarehouse Job checking', NULL, 'Nesma Huda', 4, 3, 1, 22, 'LOW', NULL, 1, '2020-04-19 12:16:56', '2020-05-04 14:04:05'),
(113, 'CO unlock', NULL, 'Md. Rafsunjani', 2, 3, 1, 5, 'LOW', NULL, 1, '2020-04-19 12:17:33', '2020-05-04 14:04:29'),
(114, 'Meeting With DMT', NULL, 'Amir Mikhail', 18, 3, 1, 10, 'MEDIUM', NULL, 1, '2020-04-19 12:18:01', '2020-05-04 14:03:38'),
(115, 'Inventory Report', NULL, 'Amir Mikhail', 18, 3, 1, 10, 'HIGH', NULL, 1, '2020-04-19 12:18:32', '2020-05-04 14:04:38'),
(116, 'usd price update for cat part', 'usd price update for cat part', 'khandokar mohid', 5, 2, 1, 1, '', NULL, 1, '2020-04-20 12:06:43', '2020-04-22 12:39:55'),
(117, 'testing corrective invoicing issue', 'testing corrective invoicing issue', 'jafar khan', 3, 2, 1, 5, '', NULL, 1, '2020-04-20 12:07:26', '2020-05-02 17:37:58'),
(118, 'Server Checking', 'Checking available free space and status of INTGRSRV2, WEBSRV and DATAWHSRV', 'Annatoma Islam', 4, 4, 3, 25, '', NULL, 1, '2020-04-20 13:00:26', '2020-04-20 13:00:40'),
(119, 'Server Checking', 'Checking status and available free space in INTGRSRV2, WEBSRV and DATAWHSRV', 'Annatoma Islam', 4, 4, 3, 25, '', NULL, 1, '2020-04-21 12:28:58', '2020-04-21 12:29:52'),
(120, 'Price File Updating', 'Updating Item prices both in lawson and INTGRSRV2', 'Annatoma Islam', 4, 4, 1, 25, '', NULL, 1, '2020-04-21 12:29:45', '2020-04-21 12:29:57'),
(121, 'vat testing', 'create customer orders for vat invoicing stream file testing', 'jafar khan', 3, 2, 1, 39, 'MEDIUM', NULL, 1, '2020-04-21 12:34:09', '2020-05-04 14:44:28'),
(122, 'vat testing', 'create customer orders for vat', 'rumana akhter', 3, 2, 1, 14, 'MEDIUM', NULL, 1, '2020-04-22 12:35:01', '2020-05-04 14:42:49'),
(123, 'item type list', 'item type list', 'jafar khan', 3, 2, 1, 1, '', NULL, 1, '2020-04-22 12:35:31', '2020-04-22 12:39:36'),
(124, 'pull spss data from two cubes', 'pull spss data from two cubes', 'mofassarul islam', 12, 2, 1, 10, '', NULL, 1, '2020-04-22 12:36:51', '2020-04-22 12:39:21'),
(125, 'Server Checking', 'Checking status and available free space in INTGRSRV2, WEBSRV and DATAWHSRV', 'Annatoma Islam', 4, 4, 3, 25, '', NULL, 1, '2020-04-22 13:34:48', '2020-04-22 13:38:13'),
(126, 'Price File Updating', 'Updating item price in Lawson and INTGRSRV2', 'Annatoma Islam', 4, 4, 1, 25, '', NULL, 1, '2020-04-22 13:35:48', '2020-04-22 13:38:20'),
(127, 'CO unlock', 'CO unlock', 'FARHANA YEASMIN', 2, 4, 1, 5, '', NULL, 1, '2020-04-22 13:38:00', '2020-04-22 13:38:36'),
(128, 'Datawarehouse Job checking', NULL, 'Nesma Huda', 4, 3, 1, 22, 'LOW', NULL, 1, '2020-04-23 11:25:49', '2020-05-04 14:05:10'),
(129, 'Meeting With DMT', NULL, 'Sameh Naguib', 18, 3, 2, 14, 'HIGH', NULL, 1, '2020-04-23 11:26:46', '2020-05-04 14:04:48'),
(130, 'SMS Engagement Report', NULL, 'Md. Shahriar Khaled', 8, 3, 2, 10, 'MEDIUM', NULL, 1, '2020-04-23 11:27:17', '2020-05-04 14:05:21'),
(131, 'Parts Lost Sale Report', NULL, 'Md. Shahriar Khaled', 8, 3, 2, 10, 'MEDIUM', NULL, 1, '2020-04-23 11:27:55', '2020-05-04 14:05:39'),
(132, 'Price File Updating', 'Updating item prices both in Lawson and INTGRSRV2', 'Annatoma Islam', 4, 4, 1, 25, '', NULL, 1, '2020-04-23 13:19:50', '2020-04-23 13:28:41'),
(133, 'Server Checking', 'Checking status and available free space in INTGRSRV2, WEBSRV and DATAWHSRV', 'Annatoma Islam', 4, 4, 3, 25, '', NULL, 1, '2020-04-23 13:21:20', '2020-04-23 13:30:04'),
(134, 'Item status updating', 'Item status updating', 'Annatoma Islam', 4, 4, 1, 1, '', NULL, 1, '2020-04-23 13:22:40', '2020-04-23 13:30:20'),
(135, 'PIT File Error Checking', 'PIT File Error Checking', 'Annatoma Islam', 4, 4, 1, 1, '', NULL, 1, '2020-04-23 13:25:14', '2020-04-23 13:30:30'),
(136, 'CO unlock', 'CO unlock', 'FARHANA YEASMIN', 2, 4, 1, 5, '', NULL, 1, '2020-04-23 13:26:16', '2020-04-23 13:31:30'),
(137, 'Server Checking', 'Checking status and available free space in INTGRSRV2, WEBSRV and DATAWHSRV', 'Annatoma Islam', 4, 4, 3, 25, '', NULL, 1, '2020-04-26 09:38:25', '2020-04-26 09:38:58'),
(138, 'Price File Updating', 'Updating item price in Lawson and INTGRSRV2', 'Annatoma Islam', 4, 4, 1, 25, '', NULL, 1, '2020-04-26 09:38:49', '2020-04-26 09:39:03'),
(139, 'po link removed from item', NULL, 'moshiur rahman', 1, 2, 1, 5, '', NULL, 1, '2020-04-26 11:45:20', '2020-04-29 13:48:14'),
(140, 'prime product population report', 'prime product population report', 'jafar khan', 3, 2, 1, 10, '', NULL, 1, '2020-04-26 13:32:20', '2020-04-29 13:48:25'),
(141, 'SMS Problem Troubleshooting', 'SMS Problem Troubleshooting', 'Galib Hamid', 5, 4, 2, 5, '', NULL, 1, '2020-04-26 15:43:21', '2020-04-26 15:43:27'),
(142, 'Server Checking', 'Checking status and available free space in INTGRSRV2, WEBSRV and DATAWHSRV', 'Annatoma Islam', 4, 4, 3, 25, '', NULL, 1, '2020-04-27 09:49:08', '2020-04-27 09:49:58'),
(143, 'Price File Updating', 'Updating item prices both in Lawson and INTGRSRV2', 'Annatoma Islam', 4, 4, 1, 25, '', NULL, 1, '2020-04-27 09:49:38', '2020-04-27 09:50:03'),
(144, 'New M3 user ID for Amir', 'M3 user id creation.', 'Mohamed Moanes', 18, 1, 1, 30, '', NULL, 1, '2020-04-28 07:57:03', '2020-04-28 08:37:01'),
(145, 'Remote access for Swapnil', 'Remote access problem for Infor Consultant.', 'Swapnil Tungatkar', 15, 1, 1, 5, '', NULL, 1, '2020-04-28 07:58:27', '2020-04-28 08:37:09'),
(146, 'IPA Installation', 'IPA project', 'Shrinivas Holla', 15, 1, 6, 39, '', NULL, 1, '2020-04-28 07:59:10', '2020-04-28 08:37:15'),
(147, 'Delete M3 user for Sameh', 'M3 user delete', 'Sameh Naguib', 18, 1, 1, 30, '', NULL, 1, '2020-04-28 08:14:46', '2020-04-28 08:36:11'),
(148, 'FAS001 access for Ali Hossain', 'M3 user access', 'Jafar Khan', 3, 1, 1, 30, '', NULL, 1, '2020-04-28 08:25:41', '2020-04-28 08:37:20'),
(149, 'Server Checking', 'Checking status and available free space in INTGRSRV2, WEBSRV and DATAWHSRV', 'Annatoma Islam', 4, 4, 3, 25, '', NULL, 1, '2020-04-28 09:47:47', '2020-04-28 09:52:16'),
(150, 'Price File Updating', 'Updating item price in Lawson and INTGRSRV2', 'Annatoma Islam', 4, 4, 1, 25, '', NULL, 1, '2020-04-28 09:51:25', '2020-04-28 09:52:23'),
(151, 'Item status updating', 'Item status updating', 'Kazi Golam Ruhul Shariful Islam', 1, 4, 1, 1, '', NULL, 1, '2020-04-28 09:53:14', '2020-04-28 09:53:42'),
(152, 'Webex with Swapnil', 'New VAT implementation', 'Swapnil Tungatkar', 15, 1, 1, 14, '', NULL, 1, '2020-04-29 10:03:44', '2020-04-29 13:03:40'),
(153, 'Invoice Problem', 'Invoice not found in DAF', 'Omar Farook', 1, 1, 1, 5, '', NULL, 1, '2020-04-29 10:04:30', '2020-04-29 13:03:45'),
(154, 'Internal meeting with BA & F&A', 'Internal meeting with F&A for VAT', 'Jafar Khan', 3, 1, 1, 14, '', NULL, 1, '2020-04-29 10:05:14', '2020-04-29 13:03:50'),
(155, 'Server Checking', 'Checking status and available free space in INTGRSRV2, WEBSRV and DATAWHSRV', 'Annatoma Islam', 4, 4, 3, 25, '', NULL, 1, '2020-04-29 10:10:03', '2020-04-29 10:10:43'),
(156, 'Price File Updating', 'Updating Item prices in LAWSON and INTGRSRV2', 'Annatoma Islam', 4, 4, 1, 25, '', NULL, 1, '2020-04-29 10:10:33', '2020-04-29 10:10:52'),
(157, 'Cube access to DMT user', NULL, 'Amir Mikhail', 18, 3, 1, 10, 'HIGH', NULL, 1, '2020-04-29 11:34:48', '2020-05-04 14:05:29'),
(158, 'Allocation Report', NULL, 'Kazi Golam Ruhul Shariful Islam', 1, 3, 1, 10, 'MEDIUM', NULL, 1, '2020-04-29 11:39:02', '2020-05-04 14:05:47'),
(159, 'Inventory Report', NULL, 'Amir Mikhail', 18, 3, 1, 10, 'HIGH', NULL, 1, '2020-04-29 11:39:36', '2020-05-04 14:05:59'),
(160, 'Delete Engine Serial from MMS240', NULL, 'Azra Quraishi', 2, 3, 1, 5, 'MEDIUM', NULL, 1, '2020-04-29 11:40:43', '2020-05-04 14:06:08'),
(161, 'Query about inventory', NULL, 'Amir Mikhail', 18, 3, 1, 5, 'MEDIUM', NULL, 1, '2020-04-29 11:42:56', '2020-05-04 14:06:17'),
(162, 'Part Activation', NULL, 'Kazi Golam Ruhul Shariful Islam', 1, 3, 1, 1, 'MEDIUM', NULL, 1, '2020-04-29 11:43:32', '2020-05-04 14:06:49'),
(163, 'Fixed Asset Cube update query', NULL, 'Qazi Shariful Haidar', 3, 3, 1, 10, 'HIGH', NULL, 1, '2020-04-29 11:44:39', '2020-05-04 14:06:29'),
(164, 'Warehouse settings problem', NULL, 'Syed Imam Zafar', 1, 3, 1, 5, 'HIGH', NULL, 1, '2020-04-29 11:46:00', '2020-05-04 14:07:02'),
(165, 'Print Quotation Problem', NULL, 'Abdullah Al Musabbir', 2, 3, 2, 5, 'LOW', NULL, 1, '2020-04-29 11:48:20', '2020-05-04 14:07:19'),
(166, 'CO unlock', NULL, 'Nowshad Shamsul Arefin', 1, 3, 1, 5, 'MEDIUM', NULL, 1, '2020-04-29 11:48:49', '2020-05-04 14:07:51'),
(167, 'Meeting With DMT', NULL, 'Mohamed Moanes', 18, 3, 1, 39, 'HIGH', NULL, 1, '2020-04-29 11:49:32', '2020-05-04 14:08:02'),
(168, 'Shrink Logfile of Intgrsrv2', 'Shrink Logfile of Intgrsrv2 to dealloacate space', 'Nesma Huda', 4, 3, 1, 25, 'LOW', NULL, 1, '2020-04-29 13:42:55', '2020-05-04 14:08:21'),
(169, 'Datawarehouse Job checking', NULL, 'Nesma Huda', 4, 3, 1, 22, 'LOW', NULL, 1, '2020-04-29 13:43:17', '2020-05-04 14:08:35'),
(170, 'po link removed from item', 'po link removed from item', 'moshiur rahman', 1, 2, 1, 5, '', NULL, 1, '2020-04-29 13:46:08', '2020-04-29 13:48:37'),
(171, 'po link removed from item', 'po link removed from item', 'moshiur rahman', 1, 2, 1, 5, '', NULL, 1, '2020-04-29 13:46:42', '2020-04-29 13:48:46'),
(172, 'vat testing', 'vat testing', 'jafar khan', 3, 2, 1, 39, 'MEDIUM', NULL, 1, '2020-04-29 13:47:36', '2020-05-04 17:52:55'),
(173, 'vat testing', NULL, 'jafar khan', 3, 2, 1, 39, 'MEDIUM', NULL, 1, '2020-04-29 13:47:00', '2020-05-04 17:52:20'),
(174, 'SMS Incident for discrepancy in total sale Price', 'Done conversion factor and exchange rate settings in sms admin toolbox according to the consultants', 'Anita Pollakova', 15, 3, 2, 18, 'HIGH', NULL, 1, '2020-04-29 13:48:11', '2020-05-13 12:07:55'),
(175, 'CO unlock', NULL, 'Anup Sarker', 5, 3, 1, 5, 'MEDIUM', NULL, 1, '2020-04-29 14:05:10', '2020-05-04 14:09:40'),
(176, 'CO unlock', NULL, 'Khandokar Ahmad Ullah Mohid', 5, 3, 1, 5, 'MEDIUM', NULL, 1, '2020-04-29 14:05:40', '2020-05-04 14:09:53'),
(177, 'PO Link to remove from DO', NULL, 'Moshiur Rahman', 1, 3, 1, 5, 'LOW', NULL, 1, '2020-04-29 14:06:16', '2020-05-04 14:10:02'),
(178, 'Remote Lawson Install', NULL, 'Progga Laboni', 3, 3, 1, 5, 'MEDIUM', NULL, 1, '2020-04-29 14:07:05', '2020-05-04 14:10:11'),
(179, 'Datawarehouse Job checking', NULL, 'Nesma Huda', 4, 3, 1, 22, 'LOW', NULL, 1, '2020-04-29 14:07:42', '2020-05-04 14:10:22'),
(180, 'Query about quotation report', NULL, 'Anup Sarker', 5, 3, 2, 10, 'LOW', NULL, 1, '2020-04-29 14:08:27', '2020-05-04 14:10:39'),
(181, 'Rescheduling new time for stock transaction report', NULL, 'Nowshad Shamsul Arefin', 1, 3, 1, 10, 'HIGH', NULL, 1, '2020-04-29 14:09:39', '2020-05-04 14:10:46'),
(182, 'Datawarehouse Job checking', NULL, 'Nesma Huda', 4, 3, 1, 22, 'LOW', NULL, 1, '2020-04-29 14:10:46', '2020-05-04 14:11:00'),
(183, 'Customer Report to finance', NULL, 'Md. Abu Horaira', 3, 3, 1, 10, 'HIGH', NULL, 1, '2020-04-29 14:11:12', '2020-05-04 14:11:18'),
(184, 'Datawarehouse Job checking', NULL, 'Nesma Huda', 4, 3, 1, 22, 'LOW', NULL, 1, '2020-04-29 14:11:57', '2020-05-04 14:11:30'),
(185, 'PSSOR Report', NULL, 'Md. Arifuzzaman', 1, 3, 1, 10, 'HIGH', NULL, 1, '2020-04-29 14:12:29', '2020-05-04 14:11:38'),
(186, 'New Field addition in Fixed asset cube', NULL, 'Qazi Shariful Haidar', 3, 3, 1, 10, 'HIGH', NULL, 1, '2020-04-29 14:13:41', '2020-05-04 14:11:53'),
(187, 'SMS Activity,Opportunity & Quotation report', NULL, 'Salek Bin Yousuf', 2, 3, 2, 10, 'MEDIUM', NULL, 1, '2020-04-29 14:14:14', '2020-05-04 14:12:02'),
(188, 'Query about M3 System', NULL, 'Amir Mikhail', 18, 3, 1, 5, 'LOW', NULL, 1, '2020-04-29 14:14:34', '2020-05-04 14:12:13'),
(189, 'po link removed from item', NULL, 'moshiur rahman', 1, 2, 1, 5, 'LOW', NULL, 1, '2020-04-29 14:19:20', '2020-05-04 14:44:53'),
(190, 'Updating Incident about MHS200', NULL, 'Lemuel Clinton De Guzman', 15, 3, 1, 1, 'MEDIUM', NULL, 2, '2020-04-29 14:19:21', '2020-05-04 14:12:34'),
(191, 'tools issue', NULL, 'abu al masud', 12, 2, 1, 5, '', NULL, 1, '2020-04-29 14:19:39', '2020-05-02 17:37:46'),
(192, 'credit note create issue', NULL, 'nowshad arefin', 1, 2, 1, 5, 'LOW', NULL, 1, '2020-05-04 14:20:00', '2020-05-04 14:46:08'),
(193, 'PRIME PRODUCT RETURN ISSUE', NULL, 'nowshad arefin', 1, 2, 1, 5, 'LOW', NULL, 1, '2020-04-29 14:21:49', '2020-05-04 14:45:24'),
(194, 'PRIME PRODUCT RETURN ISSUE', NULL, 'nowshad arefin', 1, 2, 1, 5, 'LOW', NULL, 1, '2020-04-29 14:22:00', '2020-05-04 17:51:36'),
(195, 'INVOICE RECIPIENT MISMATCH ISSUE', NULL, 'shafiul azam', 3, 2, 1, 5, '', NULL, 1, '2020-04-29 14:22:40', '2020-05-02 17:38:08'),
(196, 'INCIDENT UPDATE FOR 300 DIVISION PO ISSUE', NULL, 'rumana akhter', 3, 2, 1, 18, 'LOW', NULL, 1, '2020-05-02 14:23:00', '2020-05-04 14:46:45'),
(197, 'TOOLS ALLOCATION ISSUE', 'SQL UPDATE THE WRONG ENTRIES', 'abu al masud', 3, 2, 1, 5, 'MEDIUM', NULL, 1, '2020-04-29 14:50:00', '2020-05-04 14:49:31'),
(198, 'CO SYNC ISSUE FROM SMS TO M3', NULL, 'khandokar mohid', 5, 2, 1, 5, 'MEDIUM', NULL, 1, '2020-04-29 14:24:53', '2020-05-04 17:42:57'),
(199, 'FIELD IDENTIFICATION FOR VAT SOFTWARE(CREDIT NOTE & PURCHASE FILE)', 'FIELD IDENTIFICATION FOR VAT SOFTWARE(CREDIT NOTE & PURCHASE FILE)', 'EJAJUR RAHMAN', 3, 2, 1, 1, 'LOW', NULL, 1, '2020-04-29 14:25:19', '2020-05-04 17:42:39'),
(200, 'TOOLS ALLOCATION ISSUE', 'FILE PREPARATION FOR UPLOAD LOOSE TOOLS.', 'ASHAD ZAMAN', 3, 2, 1, 1, 'MEDIUM', NULL, 1, '2020-05-01 14:26:00', '2020-05-04 17:46:09'),
(201, 'TOOLS ALLOCATION ISSUE', 'FILE FOR M.BOX', 'ASHAD ZAMAN', 12, 2, 1, 1, 'MEDIUM', NULL, 1, '2020-04-29 14:27:20', '2020-05-04 17:43:17'),
(202, 'Invoice value mismatch with Co value', NULL, 'jafar khan', 3, 2, 1, 5, 'MEDIUM', NULL, 1, '2020-05-03 14:27:00', '2020-05-04 17:45:27'),
(203, 'ISSUE INCIDENT FOR FINANCE ISSUE', NULL, 'jafar khan', 3, 2, 1, 18, 'LOW', NULL, 1, '2020-04-29 14:28:32', '2020-05-04 17:43:35'),
(204, 'PRIME PRODUCT RETURN ISSUE', NULL, 'nowshad arefin', 1, 2, 1, 5, 'LOW', NULL, 1, '2020-04-29 14:28:58', '2020-05-04 17:44:34'),
(205, 'UPDATE THE INCIDENT', NULL, 'jafar khan', 3, 2, 1, 18, 'LOW', NULL, 1, '2020-05-01 14:29:00', '2020-05-04 14:52:13'),
(206, 'webex with infor', NULL, 'jafar khan', 3, 2, 1, 18, '', NULL, 1, '2020-04-29 14:29:45', '2020-05-02 17:45:57'),
(207, 'Internal VAT Testing with F&A & Service', 'Internal VAT Testing with F&A & Service', 'Jafar Khan', 3, 1, 1, 14, '', NULL, 1, '2020-04-30 05:13:03', '2020-04-30 14:25:11'),
(208, 'Price File Updating', 'Updating Item prices both in Lawson and INTGRSRV2', 'Annatoma Islam', 4, 4, 1, 25, '', NULL, 1, '2020-04-30 09:42:15', '2020-04-30 09:54:16'),
(209, 'Item Status Updating', 'Item Status Updating', 'Annatoma Islam', 4, 4, 1, 1, '', NULL, 1, '2020-04-30 09:42:36', '2020-04-30 09:54:39'),
(210, 'Item Updating', 'Item Updating', 'Kazi Golam Ruhul Shariful Islam', 1, 4, 1, 1, '', NULL, 1, '2020-04-30 09:43:01', '2020-04-30 09:54:47'),
(211, 'Release Problem', 'Release Problem', 'PSD24', 2, 4, 1, 5, '', NULL, 1, '2020-04-30 09:45:45', '2020-04-30 09:54:54'),
(212, 'Server Checking', 'Checking available free space and status of INTGRSRV2, WEBSRV and DATAWHSRV', 'Annatoma Islam', 4, 4, 3, 25, '', NULL, 1, '2020-04-30 09:46:11', '2020-04-30 09:55:00'),
(213, 'DL001 updating in SMS and M3', 'DL001 updating in SMS and M3', 'Annatoma Islam', 4, 4, 1, 1, '', NULL, 1, '2020-04-30 09:47:02', '2020-04-30 09:55:05'),
(214, 'Server Checking', 'Checking available free space and status of INTGRSRV2, WEBSRV and DATAWHSRV', 'Annatoma Islam', 4, 4, 3, 25, '', NULL, 1, '2020-04-30 09:47:48', '2020-04-30 09:55:12'),
(215, 'Price File Updating', 'Updating Item prices both in Lawson and INTGRSRV2', 'Annatoma Islam', 4, 4, 1, 25, '', NULL, 1, '2020-04-30 09:48:15', '2020-04-30 09:55:19'),
(216, 'DL001 updating in SMS and M3', 'DL001 updating in SMS and M3', 'Annatoma Islam', 4, 4, 1, 1, '', NULL, 1, '2020-04-30 09:48:34', '2020-04-30 09:55:26'),
(217, 'Server Checking', 'Checking available free space and status of INTGRSRV2, WEBSRV and DATAWHSRV', 'Annatoma Islam', 4, 4, 3, 25, '', NULL, 1, '2020-04-30 09:48:57', '2020-04-30 09:55:32'),
(218, 'Price File Updating', 'Updating Item prices both in Lawson and INTGRSRV2', 'Annatoma Islam', 4, 4, 1, 25, '', NULL, 1, '2020-04-30 09:49:20', '2020-04-30 09:55:38'),
(219, 'Server Checking', 'Checking available free space and status of INTGRSRV2, WEBSRV and DATAWHSRV', 'Annatoma Islam', 4, 4, 3, 25, '', NULL, 1, '2020-04-30 09:49:45', '2020-04-30 09:55:43'),
(220, 'Price File Updating', 'Updating Item prices both in Lawson and INTGRSRV2', 'Annatoma Islam', 4, 4, 1, 25, '', NULL, 1, '2020-04-30 09:50:05', '2020-04-30 09:55:49'),
(221, 'Server Checking', 'Checking available free space and status of INTGRSRV2, WEBSRV and DATAWHSRV', 'Annatoma Islam', 4, 4, 3, 25, '', NULL, 1, '2020-04-30 09:50:44', '2020-04-30 09:55:56'),
(222, 'Price File Updating', 'Updating Item prices both in Lawson and INTGRSRV2', 'Annatoma Islam', 4, 4, 1, 25, '', NULL, 1, '2020-04-30 09:51:01', '2020-04-30 09:56:02'),
(223, 'Server Checking', 'Checking available free space and status of INTGRSRV2, WEBSRV and DATAWHSRV', 'Annatoma Islam', 4, 4, 3, 25, '', NULL, 1, '2020-04-30 09:51:23', '2020-04-30 09:56:08'),
(224, 'Price File Updating', 'Updating Item prices both in Lawson and INTGRSRV2', 'Annatoma Islam', 4, 4, 1, 25, '', NULL, 1, '2020-04-30 09:52:25', '2020-04-30 09:56:14'),
(225, 'Item status updating', 'Item status updating', 'Annatoma Islam', 4, 4, 1, 1, '', NULL, 1, '2020-04-30 09:52:44', '2020-04-30 09:56:29'),
(226, 'PIT File Error Checking', 'PIT File Error Checking', 'Annatoma Islam', 4, 4, 1, 1, '', NULL, 1, '2020-04-30 09:53:24', '2020-04-30 09:56:39'),
(227, 'Server Checking', 'Checking available free space and status of INTGRSRV2, WEBSRV and DATAWHSRV', 'Annatoma Islam', 4, 4, 3, 25, '', NULL, 1, '2020-04-30 09:57:01', '2020-04-30 09:57:54'),
(228, 'Price File Updating', 'Updating Item prices both in Lawson and INTGRSRV2', 'Annatoma Islam', 4, 4, 1, 25, '', NULL, 1, '2020-04-30 09:57:16', '2020-04-30 09:58:01'),
(229, 'Item status updating', 'Item status updating', 'Annatoma Islam', 4, 4, 1, 1, '', NULL, 1, '2020-04-30 09:57:31', '2020-04-30 09:58:06'),
(230, 'PIT File Error Checking', 'PIT File Error Checking', 'Annatoma Islam', 4, 4, 1, 1, '', NULL, 1, '2020-04-30 09:57:43', '2020-04-30 09:58:11'),
(231, 'SMS Problem Troubleshooting', 'SMS Problem Troubleshooting', 'Sabib Hossain', 2, 4, 2, 5, '', NULL, 1, '2020-04-30 09:58:58', '2020-04-30 09:59:05'),
(232, 'VAT Meeting with Swapnil', 'VAT Meeting with Swapnil', 'Swapnil Tungatkar', 4, 1, 1, 14, 'MEDIUM', NULL, 1, '2020-05-04 04:43:00', '2020-05-04 13:44:36'),
(233, 'Item Creation', 'Creating New item in Lawson', 'Kazi Golam Ruhul Shariful Islam', 1, 4, 1, 1, '', NULL, 1, '2020-04-30 15:20:13', '2020-04-30 15:20:26'),
(234, 'co unlock', NULL, 'abu talha', 2, 2, 1, 5, '', NULL, 1, '2020-05-02 17:37:10', '2020-05-02 17:45:41'),
(235, 'testing vat', 'testing vat  with divisions', 'jafar khan', 3, 2, 1, 14, '', NULL, 1, '2020-05-02 17:39:33', '2020-05-02 17:46:10'),
(236, 'meeting with infor regarding vat testing', 'meeting with infor regarding vat testing', 'swapnil', 15, 2, 1, 14, '', NULL, 1, '2020-05-02 17:40:17', '2020-05-02 17:45:19'),
(237, 'vat testing with stakeholders', 'vat testing with stakeholders rental', 'jafar khan', 3, 2, 1, 14, '', NULL, 1, '2020-05-02 17:41:20', '2020-05-02 17:46:23'),
(238, 'vat testing with stakeholders', 'vat testing with stakeholders service', 'jafar khan', 3, 2, 1, 14, '', NULL, 1, '2020-05-02 17:41:48', '2020-05-02 17:45:31'),
(239, 'fixed asset report', 'fixed asset report', 'jafar khan', 3, 2, 1, 10, '', NULL, 1, '2020-05-02 17:42:19', '2020-05-02 17:44:34'),
(240, 'fixed asset report 010520', 'fixed asset report 010520', 'jafar khan', 3, 2, 1, 10, '', NULL, 1, '2020-05-02 17:42:44', '2020-05-02 17:45:03'),
(241, 'fixed asset report 020520', 'fixed asset report 020520', 'jafar khan', 3, 2, 1, 10, '', NULL, 1, '2020-05-02 17:43:36', '2020-05-02 17:44:46'),
(242, 'tools report', NULL, 'mofassarul islam', 17, 2, 1, 10, 'MEDIUM', NULL, 1, '2020-05-03 09:40:29', '2020-05-04 14:49:56'),
(243, 'po-do link remove', NULL, 'moshiur rahman', 1, 2, 1, 5, 'LOW', NULL, 1, '2020-05-03 09:40:56', '2020-05-04 14:51:43'),
(244, 'Price File Updating', 'Updating Price file in Lawson and INTGRSRV2', 'Annatoma Islam', 4, 4, 1, 25, '', NULL, 1, '2020-05-03 10:15:44', '2020-05-03 10:19:24'),
(245, 'Server Checking', 'Checking status and available free space in INTGRSRV2, WEBSRV and DATAWHSRV', 'Annatoma Islam', 4, 4, 3, 25, '', NULL, 1, '2020-05-03 10:16:18', '2020-05-03 10:19:33'),
(246, 'Item Creation', 'Item Creation', 'Moshiur Rahman', 1, 4, 1, 1, '', NULL, 1, '2020-05-03 10:16:50', '2020-05-03 10:19:39'),
(247, 'CO unlock', 'CO unlock', 'Jabun Nahar', 2, 4, 1, 5, '', NULL, 1, '2020-05-03 10:17:38', '2020-05-03 10:19:46'),
(248, 'SMS, M3 Login Count Report', 'SMS, M3 Login Count Report', 'Nesma Huda', 4, 4, 1, 10, '', NULL, 1, '2020-05-03 10:18:28', '2020-05-03 10:20:11'),
(249, 'PIT File Error Correction', 'PIT File Error Correction', 'Annatoma Islam', 4, 4, 1, 1, '', NULL, 1, '2020-05-03 10:19:03', '2020-05-03 10:20:28'),
(251, 'Server Checking', 'Checking status and available free space in INTGRSRV2, WEBSRV and DATAWHSRV', 'Annatoma Islam', 4, 4, 3, 25, 'MEDIUM', NULL, 1, '2020-05-03 18:00:00', '2020-05-04 13:17:45'),
(252, 'SMS Problem Troubleshooting', 'SMS Problem Troubleshooting', 'Minhazul Bari Galib', 4, 4, 2, 5, 'MEDIUM', NULL, 1, '2020-05-03 18:00:00', '2020-05-04 13:18:02'),
(253, 'New feature added to iTTS', 'Major version change', 'Tofael Ahmed', 4, 1, 7, 14, 'MEDIUM', NULL, 1, '2020-05-04 04:46:00', '2020-05-04 13:46:25'),
(254, 'Datawarehouse Job checking', NULL, 'Nesma Huda', 4, 3, 1, 22, 'LOW', NULL, 1, '2020-05-04 13:56:00', '2020-05-04 14:12:46'),
(255, 'VAT testing for M3', 'VAT testing for M3', 'Jafar Khan', 3, 1, 1, 14, 'MEDIUM', NULL, 1, '2020-05-04 07:00:00', '2020-05-04 13:57:10'),
(256, 'PSSOR Report', NULL, 'Md. Arifuzzaman', 1, 3, 1, 10, 'HIGH', NULL, 1, '2020-05-02 14:14:00', '2020-05-04 14:17:40'),
(257, 'Quotation Report to DAUD', NULL, 'Amir Mikhail', 18, 3, 2, 10, 'HIGH', NULL, 1, '2020-05-03 14:15:00', '2020-05-04 14:18:02'),
(258, 'SMS Password Change', NULL, 'A. Aziz', 2, 3, 2, 41, 'LOW', NULL, 1, '2020-05-04 14:16:00', '2020-05-04 14:18:11'),
(259, 'GL Cube error', NULL, 'Rumana Akhter', 3, 3, 1, 10, 'MEDIUM', NULL, 1, '2020-05-04 14:17:00', '2020-05-04 14:18:19'),
(260, 'Status update added to home page', 'Status update added to home page for iTTS', 'Sharmin Shawon', 4, 1, 7, 14, 'LOW', NULL, 1, '2020-05-04 14:30:00', '2020-05-04 14:29:41'),
(261, 'meeting with infor regarding vat testing', NULL, 'SWAPNIL', 15, 2, 1, 14, 'MEDIUM', NULL, 1, '2020-05-04 05:00:00', '2020-05-04 14:41:31'),
(262, 'Status testing', 'Status testing', 'Sharmin Shawon', 4, 1, 7, 14, 'LOW', NULL, 1, '2020-05-04 14:44:00', '2020-05-04 14:44:05'),
(263, 'vat testing with stakeholders', 'CO', 'rumana akhter', 3, 2, 1, 14, 'MEDIUM', NULL, 1, '2020-05-04 04:00:00', '2020-05-04 14:47:49'),
(264, 'UPDATE THE INCIDENT', 'po incident', 'abdullah wasif', 14, 2, 1, 18, 'LOW', NULL, 1, '2020-05-04 17:54:00', '2020-05-04 17:53:51'),
(265, 'Price File Updating', 'Updating item prices in Lawson and INTGRSRV2', 'Annatoma Islam', 4, 4, 1, 25, 'LOW', NULL, 1, '2020-05-04 18:00:00', '2020-05-05 10:07:33'),
(266, 'Server Checking', 'Checking available free space and status of INTGRSRV2, WEBSRV and DATAWHSRV', 'Annatoma Islam', 4, 4, 3, 25, 'LOW', NULL, 1, '2020-05-04 18:00:00', '2020-05-05 10:08:21'),
(267, 'M3 access problem', 'M3 access problem', 'Ezaz Hossain', 2, 1, 1, 5, 'LOW', NULL, 1, '2020-05-05 06:00:00', '2020-05-05 15:38:24'),
(268, 'Developing IT Inventory System for AISL', 'Developing IT Inventory System for AISL', 'Bazlur Rashid', 4, 1, 7, 40, 'MEDIUM', NULL, 1, '2020-05-05 07:00:00', '2020-05-05 15:39:26'),
(269, 'co unlock', NULL, 'nowshad arefin', 1, 2, 1, 5, 'LOW', NULL, 1, '2020-05-05 15:46:00', '2020-05-05 15:45:58'),
(270, 'vat testing with stakeholders', NULL, 'jafar khan', 3, 2, 1, 14, 'MEDIUM', NULL, 1, '2020-05-05 05:00:00', '2020-05-05 15:47:48'),
(271, 'Datawarehouse Job checking', NULL, 'Nesma Huda', 4, 3, 1, 22, 'LOW', NULL, 1, '2020-05-05 15:54:00', '2020-05-05 15:53:37'),
(272, 'Query about quotation report', NULL, 'Amir Mikhail', 18, 3, 2, 10, 'LOW', NULL, 1, '2020-05-05 15:54:00', '2020-05-05 15:54:16'),
(273, 'SMS Installation', 'SMS Installation', 'Meer Sajed Billah', 5, 4, 2, 35, 'LOW', NULL, 1, '2020-05-05 18:00:00', '2020-05-06 10:09:56'),
(274, 'vat testing', 'vat testing,communicating with stake holders', 'jafar khan', 3, 2, 1, 14, 'LOW', NULL, 1, '2020-05-06 04:00:00', '2020-05-06 14:18:46'),
(275, 'New Software Development for AISL', 'New Software Development for AISL', 'Bazlur Rashid', 4, 1, 7, 40, 'MEDIUM', NULL, 1, '2020-05-06 04:00:00', '2020-05-06 15:28:22'),
(276, 'Datawarehouse Job checking', NULL, 'Nesma Huda', 4, 3, 1, 22, 'LOW', NULL, 1, '2020-05-06 15:31:00', '2020-05-06 15:31:09'),
(277, 'Warranty Settlement Report', NULL, 'Rumana Akhter', 3, 3, 1, 10, 'MEDIUM', NULL, 1, '2020-05-06 15:32:00', '2020-05-06 15:32:07'),
(278, 'Item activation in warehouse', NULL, 'Satyabrata Das', 6, 3, 1, 1, 'MEDIUM', NULL, 1, '2020-05-06 15:33:00', '2020-05-06 15:33:06'),
(279, 'Costing in SMS', NULL, 'Amir Mikhail', 18, 3, 2, 1, 'HIGH', NULL, 1, '2020-05-06 15:34:00', '2020-05-14 15:51:31'),
(280, 'Price File Updating', 'Updating item prices both in Lawson and INTGRSRV2', 'Annatoma Islam', 4, 4, 1, 25, 'LOW', NULL, 1, '2020-05-07 11:39:00', '2020-05-07 11:39:18'),
(281, 'PIT File Error Checking', 'PIT File Error Checking', 'Annatoma Islam', 4, 4, 1, 25, 'LOW', NULL, 1, '2020-05-07 11:40:00', '2020-05-07 11:39:53'),
(282, 'Item status updating', 'Item status updating', 'Annatoma Islam', 4, 4, 1, 1, 'LOW', NULL, 1, '2020-05-07 11:40:00', '2020-05-07 11:40:12'),
(283, 'Server Checking', 'Checking status and available free space in INTGRSRV2, WEBSRV and DATAWHSRV', 'Annatoma Islam', 4, 4, 3, 25, 'LOW', NULL, 1, '2020-05-07 11:41:00', '2020-05-07 11:40:57'),
(284, 'CO unlock', 'CO unlock', 'Nowshad Shamsul Arefin', 1, 4, 1, 5, 'LOW', NULL, 1, '2020-05-07 11:42:00', '2020-05-07 11:41:42'),
(285, 'CO unlock', 'CO unlock', 'Nowshad Shamsul Arefin', 1, 4, 1, 5, 'LOW', NULL, 1, '2020-05-07 11:42:00', '2020-05-07 11:42:08'),
(286, 'Item Creating', 'Item Creating', 'Kazi Golam Ruhul Shariful Islam', 1, 4, 1, 1, 'LOW', NULL, 1, '2020-05-07 11:43:00', '2020-05-07 11:42:35'),
(287, 'Datawarehouse Job checking', NULL, 'Nesma Huda', 4, 3, 1, 22, 'LOW', NULL, 1, '2020-05-07 14:51:00', '2020-05-07 14:50:44'),
(288, 'Add new field in Stock Aging Cube', NULL, 'Amir Mikhail', 18, 3, 1, 10, 'MEDIUM', NULL, 1, '2020-05-07 14:52:00', '2020-05-07 14:51:44'),
(289, 'po link removed from item', NULL, 'moshiur rahman', 1, 2, 1, 5, 'LOW', NULL, 1, '2020-05-07 05:00:00', '2020-05-07 15:24:42'),
(290, 'vat testing', NULL, 'jafar khan', 3, 2, 1, 14, 'MEDIUM', NULL, 1, '2020-05-07 06:00:00', '2020-05-07 15:25:15'),
(291, 'New Software Development for AISL', 'New Software Development for AISL', 'Bazlur Rashid', 4, 1, 7, 40, 'MEDIUM', NULL, 1, '2020-05-07 05:00:00', '2020-05-07 15:49:14'),
(292, 'Divisional Meeting', 'Divisional Meeting', 'Tofael Ahmed', 4, 1, 1, 1, 'MEDIUM', NULL, 1, '2020-05-07 09:00:00', '2020-05-07 15:49:39'),
(293, 'New Software Development for AISL', 'New Software Development for AISL', 'Bazlur Rashid', 4, 1, 7, 40, 'LOW', NULL, 1, '2020-05-08 11:50:00', '2020-05-14 12:02:00'),
(294, 'vat testing', 'create rental agreements and check invoice files', 'SWAPNIL', 15, 2, 1, 14, 'MEDIUM', NULL, 1, '2020-05-07 13:35:00', '2020-05-10 04:56:25'),
(295, 'Price File Updating', 'Updating item prices both in Lawson and INTGRSRV2', 'Annatoma Islam', 4, 4, 1, 25, 'LOW', NULL, 1, '2020-05-10 09:50:00', '2020-05-10 09:49:26'),
(296, 'Server Checking', 'Checking status and available free space in INTGRSRV2, WEBSRV and DATAWHSRV', 'Annatoma Islam', 4, 4, 3, 25, 'LOW', NULL, 1, '2020-05-10 09:50:00', '2020-05-10 09:50:07'),
(297, 'Release Problem', 'Release Problem', 'A.S.M Ashaduzzaman', 12, 4, 1, 5, 'LOW', NULL, 1, '2020-05-10 09:51:00', '2020-05-10 09:50:57'),
(298, 'Item Information Updating', 'Item Information Updating', 'Kazi Golam Ruhul Shariful Islam', 1, 4, 1, 1, 'LOW', NULL, 1, '2020-05-10 09:52:00', '2020-05-10 09:51:27'),
(299, 'Item Creating', 'Item Creating', 'Kazi Golam Ruhul Shariful Islam', 1, 4, 1, 1, 'LOW', NULL, 1, '2020-05-10 09:52:00', '2020-05-10 09:51:42'),
(300, 'Customer Report to finance', NULL, 'Md. Abu Horaira', 3, 3, 1, 10, 'MEDIUM', NULL, 1, '2020-05-10 13:39:00', '2020-05-10 13:38:54'),
(301, 'Divisional Scorecard', NULL, 'Shah Tofael Ahmed', 4, 3, 1, 10, 'LOW', NULL, 1, '2020-05-10 13:40:00', '2020-05-10 13:39:30'),
(302, 'vat testing', 'create service and co for different scenario to test the invoice files', 'SWAPNIL', 15, 2, 1, 14, 'MEDIUM', NULL, 1, '2020-05-10 03:00:00', '2020-05-10 14:58:29'),
(303, 'vat testing', 'for invoice proposal', 'jafar khan', 3, 2, 1, 14, 'MEDIUM', NULL, 1, '2020-05-10 04:00:00', '2020-05-10 14:59:47'),
(304, 'po-do link remove', NULL, 'moshiur rahman', 1, 2, 1, 5, 'LOW', NULL, 1, '2020-05-11 04:45:00', '2020-05-11 05:04:06'),
(305, 'Server Checking', 'Checking status and available free space in INTGRSRV2, WEBSRV and DATAWHSRV', 'Annatoma Islam', 4, 4, 3, 25, 'LOW', NULL, 1, '2020-05-11 12:02:00', '2020-05-11 12:01:54'),
(306, 'CO unlock', 'CO unlock', 'Jabun Nahar', 2, 4, 1, 5, 'LOW', NULL, 1, '2020-05-11 12:03:00', '2020-05-11 12:02:36'),
(307, 'Invoice Address Change', NULL, 'Jafar Khan', 3, 3, 1, 1, 'LOW', NULL, 1, '2020-05-11 14:01:00', '2020-05-11 14:00:43'),
(308, 'Datawarehouse Job checking', NULL, 'Nesma Huda', 4, 3, 1, 22, 'LOW', NULL, 1, '2020-05-11 14:01:00', '2020-05-11 14:00:58'),
(309, 'CO unlock', NULL, 'Newaz Sanaul Kabir', 2, 3, 1, 5, 'LOW', NULL, 1, '2020-05-11 14:02:00', '2020-05-11 14:01:56'),
(310, 'Query about quotation report', NULL, 'Amir Mikhail', 18, 3, 2, 5, 'LOW', NULL, 1, '2020-05-11 14:32:00', '2020-05-11 14:31:17'),
(311, 'Invoice split value problem', 'Invoice split value problem', 'Ashaduzzaman', 12, 1, 1, 5, 'MEDIUM', NULL, 1, '2020-05-12 06:00:00', '2020-05-12 08:20:40'),
(312, 'Server Checking', 'Checking available free space and status of INTGRSRV2, WEBSRV and DATAWHSRV', 'Annatoma Islam', 4, 4, 3, 25, 'LOW', NULL, 1, '2020-05-12 10:44:00', '2020-05-12 10:44:18'),
(313, 'vat testing', 'webex with infor', 'SWAPNIL', 15, 2, 1, 14, 'MEDIUM', NULL, 1, '2020-05-12 09:18:00', '2020-05-12 10:44:33'),
(314, 'Price File Updating', 'Updating item price both in Lawson and INTGRSRV2', 'Annatoma Islam', 4, 4, 1, 25, 'LOW', NULL, 1, '2020-05-12 10:45:00', '2020-05-12 10:44:57'),
(315, 'CO unlock', 'CO unlock', 'Jabun Nahar', 2, 4, 1, 5, 'LOW', NULL, 1, '2020-05-12 10:46:00', '2020-05-12 10:45:39'),
(316, 'Server Checking', 'Checking status and available free space in INTGRSRV2, WEBSRV and DATAWHSRV', 'Annatoma Islam', 4, 4, 3, 25, 'LOW', NULL, 1, '2020-05-13 09:47:00', '2020-05-13 09:46:48'),
(317, 'Price File Updating', 'Updating item prices both in Lawson and INTGRSRV2', 'Annatoma Islam', 4, 4, 1, 25, 'LOW', NULL, 1, '2020-05-13 09:48:00', '2020-05-13 09:47:23'),
(318, 'Item Creating', 'Item Creating', 'Ahaduz Zaman', 6, 4, 1, 1, 'LOW', NULL, 1, '2020-05-13 09:48:00', '2020-05-13 09:48:13'),
(319, 'Release Problem', 'Release Problem', 'A.S.M Ashaduzzaman', 12, 4, 1, 5, 'LOW', NULL, 1, '2020-05-13 10:09:00', '2020-05-13 10:09:10'),
(320, 'Datawarehouse Job checking', NULL, 'Nesma Huda', 4, 3, 1, 22, 'LOW', NULL, 1, '2020-05-12 12:09:00', '2020-05-13 12:08:24'),
(321, 'Datawarehouse Job checking', NULL, 'Nesma Huda', 4, 3, 1, 22, 'LOW', NULL, 1, '2020-05-13 12:09:00', '2020-05-13 12:08:37'),
(322, 'SMS Refreshment Training', 'SMS Refreshment Training to Chittagong Sales Team', 'Md. Shahriar Khaled', 8, 3, 2, 39, 'HIGH', NULL, 1, '2020-05-13 12:10:00', '2020-05-13 12:10:06'),
(323, 'Supplier update in system', NULL, 'Kazi Golam Ruhul Shariful Islam', 1, 3, 1, 1, 'MEDIUM', NULL, 1, '2020-05-13 12:11:00', '2020-05-17 11:51:09'),
(324, 'Data mismatch on AP and GL cube', NULL, 'Arifur Rahman-F&A', 3, 3, 1, 1, 'MEDIUM', NULL, 2, '2020-05-13 12:13:00', '2020-05-13 12:12:24'),
(325, 'Item Link Remove from PO', NULL, 'Kazi Golam Ruhul Shariful Islam', 1, 3, 1, 5, 'LOW', NULL, 1, '2020-05-13 12:22:00', '2020-05-13 12:21:46'),
(326, 'New Criteria Development for SMS Quotation', '1.An alert telling him to check with supply chain if a part number he entered doesnt have cost .\r\n2.An alert if he forgot to put sales price to part number .\r\n3.An alert if the cost of a part number is greater than the sales price .', 'Amir Mikhail', 18, 3, 2, 14, 'HIGH', NULL, 2, '2020-05-13 12:24:00', '2020-05-13 12:24:58'),
(327, 'GLS037 view only access', 'GLS037 view only access', 'Abu Horaira', 3, 1, 1, 41, 'MEDIUM', NULL, 1, '2020-05-14 07:00:00', '2020-05-14 07:19:50'),
(328, 'Delete access report for the program PPS200', 'Delete access report for the program PPS200', 'Nazmul Ahsan Khan', 1, 1, 1, 41, 'MEDIUM', NULL, 1, '2020-05-14 05:00:00', '2020-05-14 07:21:07'),
(329, 'CWD ID activation', 'CWD ID activation', 'Azad Kalam', 4, 1, 1, 41, 'LOW', NULL, 1, '2020-05-14 06:00:00', '2020-05-14 07:21:58'),
(330, 'IT&ERP meeting', 'IT&ERP meeting', 'Tofael Ahmed', 4, 1, 1, 1, 'MEDIUM', NULL, 1, '2020-04-14 09:00:00', '2020-05-14 11:58:28'),
(331, 'Invoice Problem', 'Invoice Problem', 'Omar Farook', 1, 1, 1, 5, 'MEDIUM', NULL, 1, '2020-05-14 10:00:00', '2020-05-14 11:58:59'),
(332, 'Price File Updating', 'Updating item prices in Lawson and INTGRSRV2', 'Annatoma Islam', 4, 4, 1, 25, 'LOW', NULL, 1, '2020-05-14 13:09:00', '2020-05-14 13:08:30'),
(333, 'PIT File Error Checking', 'PIT File Error Checking', 'Annatoma Islam', 4, 4, 1, 5, 'LOW', NULL, 1, '2020-05-14 13:09:00', '2020-05-14 13:08:53'),
(334, 'Item status updating', 'Item status updating', 'Annatoma Islam', 4, 4, 1, 1, 'LOW', NULL, 1, '2020-05-14 13:09:00', '2020-05-14 13:09:09'),
(335, 'Server Checking', 'Checking status and available free space in INTGRSRV2, WEBSRV and DATAWHSRV', 'Annatoma Islam', 4, 4, 3, 25, 'LOW', NULL, 1, '2020-05-14 13:10:00', '2020-05-14 13:09:49'),
(336, 'CO unlock', 'CO unlock', 'Jabun Nahar', 2, 4, 1, 5, 'LOW', NULL, 1, '2020-05-14 13:10:00', '2020-05-14 13:10:14'),
(337, 'vat testing', 'sub contracting and others', 'jafar khan', 3, 2, 1, 14, 'MEDIUM', NULL, 1, '2020-05-13 04:00:00', '2020-05-14 13:45:55'),
(338, 'vat testing', 'WARRANTY CLAIMS', 'jafar khan', 3, 2, 1, 14, 'MEDIUM', NULL, 1, '2020-05-14 13:47:00', '2020-05-14 13:46:44'),
(339, 'vat testing', 'CHECKINF PDF FILES FOR OUTPUT', 'SWAPNIL', 15, 2, 1, 14, 'MEDIUM', NULL, 1, '2020-05-14 13:48:00', '2020-05-14 13:47:29'),
(340, 'Datawarehouse Job checking', NULL, 'Nesma Huda', 4, 3, 1, 22, 'LOW', NULL, 1, '2020-05-14 15:50:00', '2020-05-14 15:50:00'),
(341, 'Item Link Remove from PO', NULL, 'Kazi Golam Ruhul Shariful Islam', 1, 3, 1, 5, 'MEDIUM', NULL, 1, '2020-05-14 15:51:00', '2020-05-14 15:50:43'),
(342, 'Reman Item Creating', 'Reman Item Creating', 'Mamun Hoque', 1, 4, 1, 1, 'LOW', NULL, 1, '2020-05-15 08:29:00', '2020-05-15 08:28:55'),
(343, 'Delete M3 user ID for Md. Ashfaque Rahman', 'Delete M3 user ID for Md. Ashfaque Rahman', 'Mashruf Ahmad Noman', 2, 1, 1, 41, 'MEDIUM', NULL, 1, '2020-05-15 12:00:00', '2020-05-15 14:31:49'),
(344, 'CO unlock', 'CO unlock', 'Abdullah Al Amin', 1, 4, 1, 5, 'LOW', NULL, 1, '2020-05-16 10:45:00', '2020-05-16 10:45:12'),
(345, 'iSeries backup problem', 'iSeries backup problem', 'Tanvir Rahim', 4, 1, 3, 5, 'HIGH', NULL, 1, '2020-05-17 05:00:00', '2020-05-17 07:54:14'),
(346, 'M3 Down', 'M3 Down', 'Intesar Ali Fahim', 2, 1, 1, 5, 'CRITICAL', 'M3 was down for one struck job. Total down time 10 Mins.', 1, '2020-05-17 05:00:00', '2020-05-17 07:55:45'),
(347, 'New M3 ID for Rafi Ul Sahid', 'New M3 ID for Rafi Ul Sahid', 'Kazi Faisal Imran', 2, 1, 1, 41, 'MEDIUM', NULL, 1, '2020-05-17 07:00:00', '2020-05-17 08:04:15'),
(348, 'New M3 ID for Md. Rafsunjani', 'New M3 ID for Md. Rafsunjani', 'Kazi Faisal Imran', 2, 1, 1, 41, 'MEDIUM', NULL, 1, '2020-05-17 07:00:00', '2020-05-17 08:06:14'),
(349, 'Datawarehouse Job checking', NULL, 'Nesma Huda', 4, 3, 1, 22, 'LOW', NULL, 1, '2020-05-17 11:51:00', '2020-05-17 11:50:26'),
(350, 'Release Problem', 'Release Problem', 'Biswajit Saha', 12, 4, 1, 5, 'LOW', NULL, 1, '2020-05-17 13:05:00', '2020-05-17 13:04:32'),
(351, 'Item Updating', 'Item Updating', 'Kazi Golam Ruhul Shariful Islam', 1, 4, 1, 1, 'LOW', NULL, 1, '2020-05-17 13:05:00', '2020-05-17 13:04:57'),
(352, 'Item Creating', 'Item Creating', 'Kazi Golam Ruhul Shariful Islam', 1, 4, 1, 1, 'LOW', NULL, 1, '2020-05-17 13:06:00', '2020-05-17 13:05:18'),
(353, 'CO unlock', 'CO unlock', 'Abu Talha', 2, 4, 1, 5, 'LOW', NULL, 1, '2020-05-17 13:06:00', '2020-05-17 13:05:55'),
(354, 'Item Creating', 'Item Creating', 'Kazi Golam Ruhul Shariful Islam', 1, 4, 1, 1, 'LOW', NULL, 1, '2020-05-17 13:07:00', '2020-05-17 13:06:21');
INSERT INTO `tickets` (`id`, `name`, `description`, `raised_by`, `division_id`, `user_id`, `system_id`, `category_id`, `severity`, `severity_comments`, `statuses_id`, `created_at`, `updated_at`) VALUES
(355, 'Item Creating', 'Item Creating', 'Kazi Golam Ruhul Shariful Islam', 1, 4, 1, 1, 'LOW', NULL, 1, '2020-05-17 13:07:00', '2020-05-17 13:06:51'),
(356, 'CO unlock', 'CO unlock', 'Khairul Hasan Sony', 5, 4, 1, 5, 'LOW', NULL, 1, '2020-05-17 13:08:00', '2020-05-17 13:07:54'),
(357, 'Item Creating', 'Item Creating', 'Abdullah Al Amin', 1, 4, 1, 1, 'LOW', NULL, 1, '2020-05-17 13:09:00', '2020-05-17 13:08:26'),
(358, 'Price File Updating', 'Updating item prices both in Lawson and INTGRSRV2', 'Annatoma Islam', 4, 4, 1, 25, 'LOW', NULL, 1, '2020-05-17 13:09:00', '2020-05-17 13:09:16'),
(359, 'Server Checking', 'Checking status and available free space in INTGRSRV2, WEBSRV and DATAWHSRV', 'Annatoma Islam', 4, 4, 3, 25, 'LOW', NULL, 1, '2020-05-17 13:10:00', '2020-05-17 13:10:13'),
(360, 'vat testing', 'sub contract', 'jafar khan', 3, 2, 1, 14, 'MEDIUM', NULL, 1, '2020-05-17 04:00:00', '2020-05-17 16:59:13'),
(361, 'customer equipment and contact person reports', NULL, 'torunima islam', 8, 2, 1, 10, 'MEDIUM', NULL, 1, '2020-05-17 05:00:00', '2020-05-17 17:00:43'),
(362, 'mco status change', NULL, 'ASHAD ZAMAN', 12, 2, 1, 5, 'LOW', NULL, 1, '2020-05-17 07:00:00', '2020-05-17 17:02:20'),
(363, 'co unlock', NULL, 'abu horaira', 3, 2, 1, 5, 'LOW', NULL, 1, '2020-05-17 09:00:00', '2020-05-17 17:03:11'),
(364, 'Rental Part Activation', 'Rental Part Activation', 'Mohammad Harunur Rashid', 14, 4, 1, 1, 'LOW', NULL, 1, '2020-05-18 11:27:00', '2020-05-18 11:27:14'),
(365, 'Item Updating', 'Item Updating', 'Kazi Golam Ruhul Shariful Islam', 1, 4, 1, 1, 'LOW', NULL, 1, '2020-05-18 11:28:00', '2020-05-18 11:27:46'),
(366, 'Rental Part Activation', 'Rental Part Activation', 'Mohammad Harunur Rashid', 14, 4, 1, 1, 'LOW', NULL, 1, '2020-05-18 11:29:00', '2020-05-18 11:28:53'),
(367, 'Rental Part Activation', 'Rental Part Activation', 'Mohammad Harunur Rashid', 14, 4, 1, 1, 'LOW', NULL, 1, '2020-05-18 11:30:00', '2020-05-18 11:29:44'),
(368, 'Rental Part Activation', 'Rental Part Activation', 'Mohammad Harunur Rashid', 14, 4, 1, 1, 'LOW', NULL, 1, '2020-05-18 11:30:00', '2020-05-18 11:30:19'),
(369, 'CO unlock', 'CO unlock', 'Zoheb Rahman Shaoun', 5, 4, 1, 5, 'LOW', NULL, 1, '2020-05-18 11:31:00', '2020-05-18 11:31:11'),
(370, 'Part Activation', 'Part Activation', 'Md. Nazmul Alam', 1, 4, 1, 1, 'LOW', NULL, 1, '2020-05-18 11:32:00', '2020-05-18 11:32:11'),
(371, 'Item Creating', 'Item Creating', 'Kazi Golam Ruhul Shariful Islam', 1, 4, 1, 1, 'LOW', NULL, 1, '2020-05-18 11:33:00', '2020-05-18 11:32:53'),
(372, 'Rental Part Activation', 'Rental Part Activation', 'Mohammad Harunur Rashid', 14, 4, 1, 1, 'LOW', NULL, 1, '2020-05-18 11:34:00', '2020-05-18 11:33:35'),
(373, 'Server Checking', 'Checking status and available free space in INTGRSRV2, WEBSRV and DATAWHSRV', 'Annatoma Islam', 4, 4, 3, 25, 'LOW', NULL, 1, '2020-05-18 11:38:00', '2020-05-18 11:38:24'),
(374, 'PPS200 Delete access revoke', 'PPS200 Delete access revoke for the user\r\nMMH610          Md. Mrenal Hossain,\r\nMNA911           Nowshad Arefin,\r\nMHR146           Habibur Rahman,\r\nMMA070          Munmun Ahmed', 'Nazmul Ahsan Khan', 1, 1, 1, 41, 'MEDIUM', NULL, 1, '2020-05-18 11:00:00', '2020-05-18 11:56:32'),
(375, 'Datawarehouse Job checking', NULL, 'Nesma Huda', 4, 3, 1, 22, 'LOW', NULL, 1, '2020-05-18 03:50:00', '2020-05-19 03:49:42'),
(376, 'Cube access to F/A user', 'procurement analysis cube', 'Qazi Shariful Haidar', 3, 3, 1, 10, 'MEDIUM', NULL, 1, '2020-05-18 03:51:00', '2020-05-19 03:50:57'),
(377, 'Datawarehouse Job checking', NULL, 'Nesma Huda', 4, 3, 1, 22, 'LOW', NULL, 1, '2020-05-19 03:52:00', '2020-05-19 03:51:57'),
(378, 'Quotation Report to DAUD', NULL, 'Amir Mikhail', 18, 3, 2, 10, 'MEDIUM', NULL, 1, '2020-05-19 08:14:00', '2020-05-19 08:13:27'),
(379, 'Supplier update in system', NULL, 'Kazi Golam Ruhul Shariful Islam', 1, 3, 1, 1, 'MEDIUM', NULL, 1, '2020-05-19 08:14:00', '2020-05-19 08:13:52'),
(380, 'sms address  update', NULL, 'Azra Quraishi', 2, 3, 2, 1, 'LOW', NULL, 1, '2020-05-19 09:51:00', '2020-05-19 09:50:24'),
(381, 'Item Activation', 'Item Activation', 'Kazi Golam Ruhul Shariful Islam', 1, 4, 1, 1, 'LOW', NULL, 1, '2020-05-19 13:24:00', '2020-05-19 13:24:07'),
(382, 'Item Creating', 'Item Creating', 'Kazi Golam Ruhul Shariful Islam', 1, 4, 1, 1, 'LOW', NULL, 1, '2020-05-19 13:25:00', '2020-05-19 13:24:42'),
(383, 'CO unlock', 'CO unlock', 'Khondokar Ahamad Ullah Mohid', 5, 4, 1, 5, 'LOW', NULL, 1, '2020-05-19 13:30:00', '2020-05-19 13:29:47'),
(384, 'Price File Updating', 'Price File Updating', 'Annatoma Islam', 4, 4, 1, 25, 'LOW', NULL, 1, '2020-05-19 13:30:00', '2020-05-19 13:30:21'),
(385, 'Server Checking', 'Checking status and available free space in INTGRSRV2, WEBSRV and DATAWHSRV', 'Annatoma Islam', 4, 4, 3, 25, 'LOW', NULL, 1, '2020-05-19 13:37:00', '2020-05-19 13:36:36'),
(386, 'PO Problem', 'PO Problem', 'Asman Tarofder', 14, 1, 1, 5, 'MEDIUM', NULL, 1, '2020-05-20 06:00:00', '2020-05-20 07:00:35'),
(387, 'Pick quantity mismatch', 'Pick quantity mismatch', 'Md. Mrenal Hossain', 1, 1, 1, 5, 'MEDIUM', NULL, 1, '2020-05-20 06:00:00', '2020-05-20 07:05:02'),
(388, 'Rental Part Activation', 'Rental Part Activation', 'Asman Tarofder Asharza', 14, 4, 1, 1, 'LOW', NULL, 1, '2020-05-20 09:14:00', '2020-05-20 09:14:02'),
(389, 'CO unlock', 'CO unlock', 'Nowshad Shamsul Arefin', 1, 4, 1, 5, 'LOW', NULL, 1, '2020-05-20 09:15:00', '2020-05-20 09:14:37'),
(390, 'Price File Updating', 'Updating item prices both in Lawson and INTGRSRV2', 'Annatoma Islam', 4, 4, 1, 25, 'LOW', NULL, 1, '2020-05-20 09:16:00', '2020-05-20 09:15:16'),
(391, 'Server Checking', 'Checking status and available free space in INTGRSRV2, WEBSRV and DATAWHSRV', 'Annatoma Islam', 4, 4, 3, 25, 'LOW', NULL, 1, '2020-05-20 09:16:00', '2020-05-20 09:17:11'),
(392, 'Item Updating', 'Item Updating', 'Kazi Golam Ruhul Shariful Islam', 1, 4, 1, 1, 'LOW', NULL, 1, '2020-05-20 09:18:00', '2020-05-20 09:17:37'),
(393, 'Lawson Install', 'Lawson Install', 'Faraz Mooschran Huq', 3, 4, 1, 35, 'LOW', NULL, 1, '2020-05-20 09:36:00', '2020-05-20 09:35:20'),
(394, 'Lawson Install', 'Lawson Install', 'Finance24', 3, 4, 1, 35, 'LOW', NULL, 1, '2020-05-20 09:36:00', '2020-05-20 09:36:16'),
(395, 'Datawarehouse Job checking', NULL, 'Nesma Huda', 4, 3, 1, 22, 'LOW', NULL, 1, '2020-05-20 14:00:00', '2020-05-20 13:59:37'),
(396, 'Customer address update', NULL, 'S.M Jamal', 6, 3, 2, 1, 'LOW', NULL, 1, '2020-05-20 14:02:00', '2020-05-20 14:01:36'),
(397, 'vat testing with stakeholders', 'warranty', 'SWAPNIL', 15, 2, 1, 14, 'MEDIUM', NULL, 1, '2020-05-21 09:45:00', '2020-05-21 14:25:36'),
(398, 'vat testing', 'test the new setup', 'jafar khan', 3, 2, 1, 14, 'MEDIUM', NULL, 1, '2020-05-20 14:27:00', '2020-05-21 14:26:41'),
(399, 'Item Updating', 'Item Updating', 'Kazi Golam Ruhul Shariful Islam', 1, 4, 1, 1, 'LOW', NULL, 1, '2020-05-22 13:57:00', '2020-05-22 13:56:55'),
(400, 'meeting regarding rental invoicing error in prd', NULL, 'abu horaira', 3, 2, 1, 5, 'MEDIUM', NULL, 1, '2020-05-24 09:30:00', '2020-05-24 10:10:52'),
(401, 'vat testing with stakeholders', NULL, 'SWAPNIL', 3, 2, 1, 14, 'MEDIUM', NULL, 1, '2020-05-22 09:30:00', '2020-05-24 10:15:34'),
(402, 'vat testing with stakeholders warranty and others', NULL, 'SWAPNIL', 15, 2, 1, 14, 'MEDIUM', NULL, 1, '2020-05-21 09:15:00', '2020-05-24 10:16:41'),
(403, 'TESTING SCENARIOS AND CHECK PDFS', NULL, 'SWAPNIL', 15, 2, 1, 14, 'MEDIUM', NULL, 1, '2020-05-21 13:30:00', '2020-05-24 10:17:40'),
(404, 'STS100 view only access in COM-300', 'STS100 view only access in COM-300', 'Md. Abu Horaira', 3, 1, 1, 41, 'MEDIUM', NULL, 1, '2020-05-24 09:00:00', '2020-05-24 10:20:32'),
(405, 'Price File Updating', 'Updating item prices both in Lawson and M3', 'Annatoma Islam', 4, 4, 1, 25, 'LOW', NULL, 1, '2020-05-27 12:37:00', '2020-05-27 12:36:49'),
(406, 'Server Checking', 'Checking status and available free space in INTGRSRV2, WEBSRV and DATAWHSRV', 'Annatoma Islam', 4, 4, 1, 25, 'LOW', NULL, 1, '2020-05-27 12:38:00', '2020-05-27 12:37:32'),
(407, 'Item Activation', 'Item Activation', 'Kazi Golam Ruhul Shariful Islam', 1, 4, 1, 1, 'LOW', NULL, 1, '2020-05-27 12:38:00', '2020-05-27 12:37:54'),
(408, 'Item Updating', 'Item Updating', 'Kazi Golam Ruhul Shariful Islam', 1, 4, 1, 1, 'LOW', NULL, 1, '2020-05-27 12:39:00', '2020-05-27 12:40:31'),
(409, 'tools report from service and fa module', NULL, 'mofassarul islam', 17, 2, 1, 10, 'LOW', NULL, 1, '2020-05-27 05:00:00', '2020-05-28 11:43:06'),
(410, 'Price File Updating', 'Updating item prices both in Lawson and INTGRSRV2', 'Annatoma Islam', 4, 4, 1, 25, 'LOW', NULL, 1, '2020-05-28 12:00:00', '2020-05-28 12:00:04'),
(411, 'Server Checking', 'Checking status and available free space in INTGRSRV2, WEBSRV and DATAWHSRV', 'Annatoma Islam', 4, 4, 3, 25, 'LOW', NULL, 1, '2020-05-28 12:01:00', '2020-05-28 12:01:21'),
(412, 'PIT File Error Checking', 'PIT File Error Checking', 'Annatoma Islam', 4, 4, 1, 1, 'LOW', NULL, 1, '2020-05-28 12:02:00', '2020-05-28 12:01:43'),
(413, 'Item Status Updating', 'Item Status Updating', 'Annatoma Islam', 4, 4, 1, 1, 'LOW', NULL, 1, '2020-05-28 12:02:00', '2020-05-28 12:01:58'),
(414, 'Item Updating', 'Item Updating', 'Kazi Golam Ruhul Shariful Islam', 1, 4, 1, 1, 'LOW', NULL, 1, '2020-05-28 12:03:00', '2020-05-28 12:02:32'),
(415, 'Release Problem', 'Release Problem', 'Syed Imam Zafar', 2, 4, 1, 5, 'LOW', NULL, 1, '2020-05-30 10:37:00', '2020-05-30 10:39:12'),
(416, 'Price File Updating', 'Updating Item prices both in Lawson and INTGRSRV2', 'Annatoma Islam', 4, 4, 1, 25, 'LOW', NULL, 1, '2020-05-31 15:19:00', '2020-05-31 15:18:23'),
(417, 'Server Checking', 'Checking status and available free space in INTGRSRV2, WEBSRV and DATAWHSRV', 'Annatoma Islam', 4, 4, 3, 25, 'LOW', NULL, 1, '2020-05-31 15:19:00', '2020-05-31 15:19:15'),
(418, 'DAF upload problem', 'DAF upload problem. Timeout', 'Biswajit Shaha', 12, 1, 1, 5, 'MEDIUM', NULL, 1, '2020-06-01 05:00:00', '2020-06-01 06:13:38'),
(419, 'Check daily bakup', 'Check daily bakup', 'Tanvir Rahim', 4, 1, 1, 1, 'LOW', NULL, 1, '2020-06-01 04:00:00', '2020-06-01 06:15:05'),
(421, 'Problem with NET2', 'Problem with NET2', 'Sajib', 11, 1, 3, 5, 'MEDIUM', NULL, 1, '2020-06-01 08:00:00', '2020-06-01 10:04:41'),
(422, 'Release Problem', 'Release Problem', 'Biswajit Saha', 12, 4, 1, 5, 'LOW', NULL, 1, '2020-06-01 14:20:00', '2020-06-01 14:19:47'),
(423, 'Item Price Updating', 'Item Price Updating', 'Kazi Golam Ruhul Shariful Islam', 1, 4, 1, 1, 'LOW', NULL, 1, '2020-06-01 14:20:00', '2020-06-01 14:20:13'),
(424, 'Server Checking', 'Checking status and available free space in INTGRSRV2, WEBSRV and DATAWHSRV', 'Annatoma Islam', 4, 4, 3, 25, 'LOW', NULL, 1, '2020-06-01 14:21:00', '2020-06-01 14:21:05'),
(425, 'Reman Item Updating', 'Reman Item Updating (Partially Done)', 'Mamun Hoque', 1, 4, 1, 1, 'LOW', NULL, 1, '2020-06-01 14:22:00', '2020-06-01 14:21:30'),
(426, 'internal meeting with VAT project stakeholders', NULL, 'jafar khan', 3, 2, 1, 14, 'MEDIUM', NULL, 1, '2020-06-01 06:00:00', '2020-06-01 15:47:23'),
(427, 'tools report', NULL, 'mofassarul islam', 17, 2, 1, 10, 'LOW', NULL, 1, '2020-06-01 09:00:00', '2020-06-01 15:47:57'),
(428, 'rental PO issue', NULL, 'zillur rahman', 14, 2, 1, 5, 'LOW', NULL, 1, '2020-06-01 04:00:00', '2020-06-01 15:48:40'),
(429, 'parts counter co testing', NULL, 'bazlur rashid', 4, 2, 1, 14, 'LOW', NULL, 1, '2020-06-01 03:00:00', '2020-06-01 15:49:41'),
(430, 'vat testing for return with new settings', NULL, 'jafar khan', 3, 2, 1, 14, 'MEDIUM', NULL, 1, '2020-06-01 14:00:00', '2020-06-01 15:51:32'),
(431, 'invoice does not find in DOCARC server', NULL, 'mezbahul islam', 1, 2, 1, 5, 'LOW', NULL, 1, '2020-06-01 12:00:00', '2020-06-01 15:57:17'),
(432, 'sms lc price issue', NULL, 'jabun nahar', 2, 2, 2, 5, 'LOW', NULL, 1, '2020-06-02 05:50:00', '2020-06-02 06:03:08'),
(433, 'internal meeting for service settings', NULL, 'ASHAD ZAMAN', 12, 2, 1, 14, 'LOW', NULL, 1, '2020-06-02 04:00:00', '2020-06-02 06:04:28'),
(434, 'VAT implementation internal meeting', 'VAT implementation internal meeting', 'Jafar Khan', 3, 1, 1, 14, 'MEDIUM', NULL, 1, '2020-06-02 04:00:00', '2020-06-02 06:13:41'),
(435, 'Short Shipment Claim Process', 'Warranty want to claim short shipment through M3', 'Md. Faysal Ahmed', 12, 1, 1, 14, 'MEDIUM', NULL, 1, '2020-06-02 05:00:00', '2020-06-02 06:15:11'),
(436, 'Check M3 backup', 'Check M3 backup', 'Tanvir Rahim', 4, 1, 3, 25, 'LOW', NULL, 1, '2020-06-02 05:00:00', '2020-06-02 06:16:13'),
(437, 'Customer Creating Problem', 'Customer Creating Problem', 'S.M Jamal (Machine Sales)', 6, 4, 2, 5, 'LOW', NULL, 1, '2020-06-02 13:31:00', '2020-06-02 13:37:23'),
(438, 'Item Updating', 'Item Updating', 'Kazi Golam Ruhul Shariful Islam', 1, 4, 1, 1, 'LOW', NULL, 1, '2020-06-02 13:38:00', '2020-06-02 13:41:37'),
(439, 'Item Updating', 'Item Updating', 'a.aziz', 2, 4, 1, 1, 'LOW', NULL, 1, '2020-06-02 13:43:00', '2020-06-02 13:42:32'),
(440, 'Item Creating', 'Item Creating', 'azra quraishi', 2, 4, 1, 1, 'LOW', NULL, 1, '2020-06-02 13:44:00', '2020-06-02 13:43:39'),
(441, 'Item Creating', 'Item Creating', 'Arifur Rahman', 3, 4, 1, 1, 'LOW', NULL, 1, '2020-06-02 13:45:00', '2020-06-02 13:44:15'),
(442, 'Item Updating', 'Item Updating', 'Kazi Golam Ruhul Shariful Islam', 1, 4, 1, 1, 'LOW', NULL, 1, '2020-06-02 13:45:00', '2020-06-02 13:44:32'),
(443, 'Price File Updating', 'Updating Item price both in Lawson and INTGRSRV2', 'Annatoma Islam', 4, 4, 1, 25, 'LOW', NULL, 1, '2020-06-02 13:45:00', '2020-06-02 13:45:06'),
(444, 'Server Checking', 'Checking available free space and status of INTGRSRV2, WEBSRV and DATAWHSRV', 'Annatoma Islam', 4, 4, 3, 25, 'LOW', NULL, 1, '2020-06-02 13:46:00', '2020-06-02 13:45:58'),
(445, 'Reman Item Updating', 'Reman Item Updating (Partially Done)', 'Mamun Hoque', 1, 4, 1, 1, 'LOW', NULL, 1, '2020-06-02 13:47:00', '2020-06-02 13:46:53'),
(446, 'meeting with Infor', NULL, 'SWAPNIL', 15, 2, 1, 14, 'LOW', NULL, 1, '2020-06-02 09:30:00', '2020-06-02 16:43:00'),
(447, 'testing vat for rental', NULL, 'jafar khan', 3, 2, 1, 14, 'MEDIUM', NULL, 1, '2020-06-02 08:00:00', '2020-06-02 16:43:38'),
(448, 'Price File Updating', 'Updating item prices both in Lawson and INTGRSRV2', 'Annatoma Islam', 4, 4, 1, 25, 'LOW', NULL, 1, '2020-06-03 11:11:00', '2020-06-03 11:10:24'),
(449, 'Server Checking', 'Checking status and available free space in INTGRSRV2, WEBSRV and DATAWHSRV', 'Annatoma Islam', 4, 4, 3, 25, 'LOW', NULL, 1, '2020-06-03 11:11:00', '2020-06-03 11:11:13'),
(450, 'CO unlock', 'CO unlock', 'FARHANA YEASMIN', 2, 4, 1, 5, 'LOW', NULL, 1, '2020-06-03 11:12:00', '2020-06-03 11:11:46'),
(451, 'Item Creating', 'Item Creating', 'Kazi Golam Ruhul Shariful Islam', 1, 4, 1, 1, 'LOW', NULL, 1, '2020-06-03 11:12:00', '2020-06-03 11:12:11'),
(452, 'Item Creating', 'Item Creating', 'Arifur Rahman', 3, 4, 1, 1, 'LOW', NULL, 1, '2020-06-03 11:13:00', '2020-06-03 11:12:33'),
(453, 'Item Updating', 'Item Updating', 'Kazi Golam Ruhul Shariful Islam', 1, 4, 1, 1, 'LOW', NULL, 1, '2020-06-03 11:13:00', '2020-06-03 11:13:01'),
(454, 'Item Updating', 'Item Updating', 'Kazi Golam Ruhul Shariful Islam', 1, 4, 1, 1, 'LOW', NULL, 1, '2020-06-03 11:14:00', '2020-06-03 11:13:15'),
(455, 'HHS1104 M3 id delete', 'HHS1104 M3 id delete', 'Mahmudul Hasan Oyon', 6, 1, 1, 41, 'MEDIUM', NULL, 1, '2020-06-04 10:00:00', '2020-06-04 10:52:04'),
(456, 'Workopolo Integration', 'Workopolo Integration', 'Md. Shahriar Khaled', 8, 1, 2, 39, 'MEDIUM', NULL, 1, '2020-06-04 10:00:00', '2020-06-04 10:53:37'),
(457, 'MS Power Automate purchase', 'MS Power Automate purchase', 'Md. Shahriar Khaled', 8, 1, 1, 39, 'MEDIUM', NULL, 1, '2020-06-04 10:00:00', '2020-06-04 10:54:08'),
(458, 'RDP Problem', 'RDP Problem', 'Craig White', 15, 1, 2, 39, 'MEDIUM', NULL, 1, '2020-06-04 10:00:00', '2020-06-04 10:54:56'),
(459, 'New SSO for Sazidur Rahim MSR1385', 'New SSO for Sazidur Rahim MSR1385', 'Sazidur Rahim', 6, 1, 1, 41, 'MEDIUM', NULL, 1, '2020-06-04 10:00:00', '2020-06-04 11:08:53'),
(460, 'Price File Updating', 'Updating Item prices both in Lawson and INTGRSRV2', 'Annatoma Islam', 4, 4, 1, 25, 'LOW', NULL, 1, '2020-06-04 11:10:00', '2020-06-04 11:09:53'),
(461, 'Server Checking', 'Checking status and available free space in INTGRSRV2, WEBSRV and DATAWHSRV', 'Annatoma Islam', 4, 4, 3, 25, 'LOW', NULL, 1, '2020-06-04 11:11:00', '2020-06-04 11:11:08'),
(462, 'Reman Item Updating', 'Reman Item Updating', 'Mamun Hoque', 1, 4, 1, 1, 'LOW', NULL, 1, '2020-06-04 11:12:00', '2020-06-04 11:11:38'),
(463, 'Lawson Install', 'Lawson Install', 'Mohammad Faisal - Machine Sales', 6, 4, 1, 35, 'LOW', NULL, 1, '2020-06-04 11:13:00', '2020-06-04 11:12:31'),
(464, 'SMS Installation', 'SMS Installation', 'Mohammad Faisal - Machine Sales', 6, 4, 2, 35, 'LOW', NULL, 1, '2020-06-04 11:13:00', '2020-06-04 11:13:06'),
(465, 'Customer name Changing', 'Customer name Changing', 'Faiyaz Yeasir - Machine Sales', 6, 4, 2, 1, 'LOW', NULL, 1, '2020-06-04 11:14:00', '2020-06-04 11:14:20'),
(466, 'PIT File Error Checking', 'PIT File Error Checking', 'Annatoma Islam', 4, 4, 1, 5, 'LOW', NULL, 1, '2020-06-04 11:15:00', '2020-06-04 11:15:02'),
(467, 'CO unlock', 'CO unlock', 'Newaz Sanaul Kabir', 2, 4, 1, 5, 'LOW', NULL, 1, '2020-06-04 11:16:00', '2020-06-04 11:15:57'),
(468, 'Item Activation', 'Item Activation', 'Kazi Golam Ruhul Shariful Islam', 1, 4, 1, 1, 'LOW', NULL, 1, '2020-06-04 11:17:00', '2020-06-04 11:16:35'),
(469, 'Item status updating', 'Item status updating', 'Annatoma Islam', 4, 4, 1, 1, 'LOW', NULL, 1, '2020-06-04 11:41:00', '2020-06-04 11:40:49'),
(470, 'CO unlock', 'CO unlock', 'Newaz Sanaul Kabir', 2, 4, 1, 5, 'LOW', NULL, 1, '2020-06-05 14:17:00', '2020-06-05 14:16:55'),
(471, 'CO SYNC ISSUE FROM SMS TO M3', NULL, 'jabun nahar', 2, 2, 2, 5, 'LOW', NULL, 1, '2020-06-04 06:30:00', '2020-06-05 17:15:17'),
(472, 'CO SYNC ISSUE FROM SMS TO M3', NULL, 'jabun nahar', 2, 2, 2, 5, 'LOW', NULL, 1, '2020-06-04 06:57:00', '2020-06-05 17:15:46'),
(473, 'vat testing with stakeholders', NULL, 'jafar khan', 3, 2, 1, 14, 'MEDIUM', NULL, 1, '2020-06-04 03:00:00', '2020-06-05 17:16:48'),
(474, 'pcs co type testing', NULL, 'rumana akhter', 2, 2, 1, 14, 'MEDIUM', NULL, 1, '2020-06-05 08:00:00', '2020-06-05 17:17:33'),
(475, 'vat testing with stakeholders', 'rental issue resolved with new settings, test the settings, test co with new fin settings', 'jafar khan', 3, 2, 1, 14, 'MEDIUM', NULL, 1, '2020-06-03 03:00:00', '2020-06-05 17:19:32'),
(476, 'invoice not found in document archieve', NULL, 'nazmul huda', 1, 2, 1, 5, 'LOW', NULL, 1, '2020-06-06 08:35:00', '2020-06-06 08:34:48'),
(477, 'invoice not found in document archieve', NULL, 'mohhamad kief', 1, 2, 1, 5, 'LOW', NULL, 1, '2020-06-06 08:00:00', '2020-06-06 08:35:12'),
(478, 'vat testing with stakeholders', 'create new charge for rental in 300 division in DEV', 'jafar khan', 3, 2, 1, 14, 'MEDIUM', NULL, 1, '2020-06-06 07:00:00', '2020-06-06 08:38:11'),
(479, 'vat testing with stakeholders', 'consolidate the PDF files and check', 'abu horaira', 3, 2, 1, 14, 'MEDIUM', NULL, 1, '2020-06-06 07:30:00', '2020-06-06 08:39:04'),
(480, 'Item Creating', 'Item Creating', 'Kazi Golam Ruhul Shariful Islam', 1, 4, 1, 1, 'LOW', NULL, 1, '2020-06-06 10:25:00', '2020-06-06 10:25:07'),
(481, 'CO unlock', 'CO unlock', 'Newaz Sanaul Kabir', 2, 4, 1, 5, 'LOW', NULL, 1, '2020-06-06 10:26:00', '2020-06-06 10:25:38'),
(482, 'Check all catalist server', 'Check all catalist server', 'Bazlur Rashid', 4, 1, 3, 25, 'LOW', NULL, 1, '2020-06-07 03:00:00', '2020-06-07 04:04:34'),
(483, 'Check daily bakup', 'Check daily bakup', 'Bazlur Rashid', 4, 1, 1, 25, 'LOW', NULL, 1, '2020-06-07 03:00:00', '2020-06-07 04:05:12'),
(484, 'vat testing cnb', NULL, 'jafar khan', 3, 2, 1, 14, 'MEDIUM', NULL, 1, '2020-06-07 04:00:00', '2020-06-07 12:00:01'),
(485, 'vat testing rental', NULL, 'jafar khan', 3, 2, 1, 14, 'MEDIUM', NULL, 1, '2020-06-07 03:01:00', '2020-06-07 12:00:54'),
(486, 'vat testing with stakeholders', 'meeting with finance', 'abu horaira', 3, 2, 1, 14, 'MEDIUM', NULL, 1, '2020-06-07 10:30:00', '2020-06-07 12:02:03'),
(487, 'tools issue', NULL, 'ASHAD ZAMAN', 3, 2, 1, 5, 'MEDIUM', NULL, 1, '2020-06-07 08:00:00', '2020-06-07 12:02:46'),
(488, 'Price File Updating', 'Updating Item prices both in Lawson and INTGRSRV2', 'Annatoma Islam', 4, 4, 1, 1, 'LOW', NULL, 1, '2020-06-07 17:37:00', '2020-06-07 17:36:39'),
(489, 'Release Problem', 'Release Problem', 'Biswajit Saha', 12, 4, 1, 5, 'LOW', NULL, 1, '2020-06-07 17:37:00', '2020-06-07 17:37:23'),
(490, 'Server Checking', 'checking status and available free space in INTGRSRV2, WEBSRV and DATAWHSRV', 'Annatoma Islam', 4, 4, 3, 25, 'LOW', NULL, 1, '2020-06-08 12:36:00', '2020-06-08 12:38:42'),
(491, 'Release Problem', 'Release Problem', 'Biswajit Saha', 12, 4, 1, 5, 'LOW', NULL, 1, '2020-06-08 12:39:00', '2020-06-08 12:38:59'),
(492, 'Item Updating', 'Item Updating', 'Ashiqur Rahman Amit -MS', 6, 4, 1, 1, 'LOW', NULL, 1, '2020-06-08 12:40:00', '2020-06-08 12:39:36'),
(493, 'Price File Updating', 'Updating item prices both in Lawson and INTGRSRV2', 'Annatoma Islam', 4, 4, 1, 25, 'LOW', NULL, 1, '2020-06-09 13:20:00', '2020-06-09 13:19:37'),
(494, 'Server Checking', 'Checking status and available free space in INTGRSRV2, WEBSRV and DATAWHSRV', 'Annatoma Islam', 4, 4, 3, 25, 'LOW', NULL, 1, '2020-06-09 13:21:00', '2020-06-09 13:20:54'),
(495, 'Release Problem', 'Release Problem', 'Biswajit Saha', 12, 4, 1, 5, 'LOW', NULL, 1, '2020-06-09 13:22:00', '2020-06-09 13:21:36'),
(496, 'Item Creating', 'Item Creating', 'Mamun Hoque', 1, 4, 1, 1, 'LOW', NULL, 1, '2020-06-09 13:22:00', '2020-06-09 13:22:05'),
(497, 'Price File Updating', 'Updating item prices both in Lawson and INTGRSRV2', 'Annatoma Islam', 4, 4, 1, 25, 'LOW', NULL, 1, '2020-06-10 11:08:00', '2020-06-10 11:08:27'),
(498, 'Server Checking', 'Checking status and available free space in INTGRSRV2, WEBSRV and DATAWHSRV', 'Annatoma Islam', 4, 4, 3, 25, 'LOW', NULL, 1, '2020-06-10 11:09:00', '2020-06-10 11:09:14'),
(499, 'Item Updating', 'Item Updating', 'Kazi Golam Ruhul Shariful Islam', 1, 4, 1, 1, 'LOW', NULL, 1, '2020-06-10 11:10:00', '2020-06-10 11:09:43'),
(500, 'Item Updating', 'Item Updating', 'Kazi Golam Ruhul Shariful Islam', 1, 4, 1, 1, 'LOW', NULL, 1, '2020-06-10 11:10:00', '2020-06-10 11:10:07'),
(501, 'Lawson Install', 'Lawson Install', 'Sazidur Rahim - Machine Sales', 6, 4, 1, 35, 'LOW', NULL, 1, '2020-06-10 11:12:00', '2020-06-10 11:12:04'),
(502, 'SMS Installation', 'SMS Installation', 'Sazidur Rahim - Machine Sales', 6, 4, 2, 35, 'LOW', NULL, 1, '2020-06-10 11:13:00', '2020-06-10 11:12:34'),
(503, 'Price File Updating', 'Updating item prices both in Lawson and INTGRSRV2', 'Annatoma Islam', 4, 4, 1, 25, 'LOW', NULL, 1, '2020-06-11 11:25:00', '2020-06-11 11:25:01'),
(504, 'Server Checking', 'Checking status and available free space in INTGRSRV2, WEBSRV and DATAWHSRV', 'Annatoma Islam', 4, 4, 3, 25, 'LOW', NULL, 1, '2020-06-11 11:26:00', '2020-06-11 11:25:55'),
(505, 'PIT File Error Checking', 'PIT File Error Checking', 'Annatoma Islam', 4, 4, 1, 5, 'LOW', NULL, 1, '2020-06-11 11:26:00', '2020-06-11 11:26:18'),
(506, 'Item status updating', 'Item status updating', 'Annatoma Islam', 4, 4, 1, 1, 'LOW', NULL, 1, '2020-06-11 11:27:00', '2020-06-11 11:26:42'),
(507, 'Item Updating', 'Item Updating', 'Kazi Golam Ruhul Shariful Islam', 1, 4, 1, 1, 'LOW', NULL, 1, '2020-06-11 11:27:00', '2020-06-11 11:27:04'),
(508, 'Item Updating', 'Item Updating', 'Kazi Golam Ruhul Shariful Islam', 1, 4, 1, 1, 'LOW', NULL, 1, '2020-06-11 11:28:00', '2020-06-11 11:27:23'),
(509, 'Lawson Install', 'Lawson Install', 'Moynul Islam', 2, 4, 1, 35, 'LOW', NULL, 1, '2020-06-11 11:28:00', '2020-06-11 11:28:10'),
(510, 'SMS Install', 'SMS Install', 'Moynul Islam', 2, 4, 2, 35, 'LOW', NULL, 1, '2020-06-11 11:29:00', '2020-06-11 11:28:34'),
(511, 'Price File Updating', 'Updating item prices both in Lawson and INTGRSRV2', 'Annatoma Islam', 4, 4, 1, 25, 'LOW', NULL, 1, '2020-06-14 11:01:00', '2020-06-14 11:01:33'),
(512, 'Server Checking', 'Checking status and available free space in INTGRSRV2, WEBSRV and DATAWHSRV', 'Annatoma Islam', 4, 4, 3, 25, 'LOW', NULL, 1, '2020-06-14 11:03:00', '2020-06-14 11:02:19'),
(513, 'Release Problem', 'Release Problem', 'Biswajit Saha', 12, 4, 1, 5, 'LOW', NULL, 1, '2020-06-14 11:03:00', '2020-06-14 11:02:44'),
(514, 'Server Checking', 'Checking status and available free space in INTGRSRV2, WEBSRV and DATAWHSRV', 'Annatoma Islam', 1, 4, 1, 25, 'LOW', NULL, 1, '2020-06-15 13:29:00', '2020-06-15 13:28:56'),
(515, 'Item Updating', 'Item Updating', 'Kazi Golam Ruhul Shariful Islam', 1, 4, 1, 1, 'LOW', NULL, 1, '2020-06-15 13:30:00', '2020-06-15 13:29:48'),
(516, 'CO unlock', 'CO unlock', 'Jabun Nahar', 2, 4, 1, 5, 'LOW', NULL, 1, '2020-06-15 13:31:00', '2020-06-15 13:30:37'),
(517, 'CO unlock', 'CO unlock', 'Mahrush Rahman', 2, 4, 1, 5, 'LOW', NULL, 1, '2020-06-15 13:31:00', '2020-06-15 13:31:12'),
(518, 'Return Advice issue with PSD & SCM', 'Return Advice issue with PSD & SCM', 'Nowshad Arefin', 1, 1, 1, 5, 'MEDIUM', NULL, 1, '2020-06-16 05:00:00', '2020-06-16 08:11:02'),
(519, 'Meeting with Laarni, Infor for problem with LSO on Adminsrv', 'Meeting with Laarni, Infor for problem with LSO on Adminsrv', 'Laarni Almodovar', 15, 1, 1, 5, 'MEDIUM', NULL, 1, '2020-06-16 07:00:00', '2020-06-16 08:13:13'),
(520, 'Price File Updating', 'Updating item prices both in Lawson and INTGRSRV2', 'Annatoma Islam', 4, 4, 1, 25, 'LOW', NULL, 1, '2020-06-16 11:21:00', '2020-06-16 11:20:38'),
(521, 'Server Checking', 'Checking status and available free space in INTGRSRV2, WEBSRV and DATAWHSRV', 'Annatoma Islam', 4, 4, 3, 25, 'LOW', NULL, 1, '2020-06-16 11:22:00', '2020-06-16 11:21:27'),
(522, 'Item Creating', 'Item Creating', 'Kazi Golam Ruhul Shariful Islam', 1, 4, 1, 1, 'LOW', NULL, 1, '2020-06-16 11:22:00', '2020-06-16 11:22:00'),
(523, 'CO unlock', 'CO unlock', 'Khondokar Ahamad Ullah Mohid', 5, 4, 1, 5, 'LOW', NULL, 1, '2020-06-16 11:33:00', '2020-06-16 11:32:41'),
(524, 'M3 Product BD size report prepare', 'M3 Product BD size report prepare', 'Bazlur Rashid', 4, 1, 1, 30, 'MEDIUM', NULL, 1, '2020-06-16 15:00:00', '2020-06-16 16:52:16'),
(525, 'Price File Updating', 'Updating Item prices both in Lawson and INTGRSRV2', 'Annatoma Islam', 4, 4, 1, 25, 'LOW', NULL, 1, '2020-06-17 12:32:00', '2020-06-17 12:31:28'),
(526, 'Server Checking', 'Checking status and available free space in INTGRSRV2, WEBSRV and DATAWHSRV', 'Annatoma Islam', 4, 4, 3, 25, 'LOW', NULL, 1, '2020-06-17 12:32:00', '2020-06-17 12:32:12'),
(527, 'Item Creating', 'Item Creating', 'Kazi Golam Ruhul Shariful Islam', 1, 4, 1, 1, 'LOW', NULL, 1, '2020-06-17 12:33:00', '2020-06-17 12:32:31'),
(528, 'Item Updating', 'Item Updating', 'Kazi Golam Ruhul Shariful Islam', 1, 4, 1, 1, 'LOW', NULL, 1, '2020-06-17 12:33:00', '2020-06-17 12:33:00'),
(529, 'Customer Information Updating', 'Customer Information Updating', 'azra quraishi', 2, 4, 2, 1, 'LOW', NULL, 1, '2020-06-17 12:34:00', '2020-06-17 12:33:43'),
(530, 'SMS Installation', 'SMS Installation', 'Al Mamun Rashid Siddique', 7, 4, 2, 35, 'LOW', NULL, 1, '2020-06-17 12:35:00', '2020-06-17 12:34:41'),
(531, 'Price File Updating', 'Updating item prices both in Lawson and INTGRSRV2', 'Annatoma Islam', 4, 4, 1, 25, 'LOW', NULL, 1, '2020-06-18 11:18:00', '2020-06-18 11:17:27'),
(532, 'Server Checking', 'Checking status and available free space in INTGRSRV2, WEBSRV and DATAWHSRV', 'Annatoma Islam', 4, 4, 3, 25, 'LOW', NULL, 1, '2020-06-18 11:19:00', '2020-06-18 11:18:31'),
(533, 'PIT File Error Checking', 'PIT File Error Checking', 'Annatoma Islam', 4, 4, 1, 5, 'LOW', NULL, 1, '2020-06-18 11:19:00', '2020-06-18 11:19:03'),
(534, 'Item status updating', 'Item status updating', 'Annatoma Islam', 4, 4, 1, 1, 'LOW', NULL, 1, '2020-06-18 11:20:00', '2020-06-18 11:19:31'),
(535, 'CO unlock', 'CO unlock', 'Sabib Hossain', 2, 4, 1, 5, 'LOW', NULL, 1, '2020-06-18 11:20:00', '2020-06-18 11:38:35'),
(536, 'CO unlock', 'CO unlock', 'Siam - E- Rabby', 2, 4, 1, 5, 'LOW', NULL, 1, '2020-06-18 11:39:00', '2020-06-18 11:39:15'),
(537, 'Customer Information Updating', 'Customer Information Updating', 'azra quraishi', 2, 4, 2, 1, 'LOW', NULL, 1, '2020-06-18 11:40:00', '2020-06-18 11:39:50'),
(538, 'Item Creating', 'Item Creating', 'Kazi Golam Ruhul Shariful Islam', 1, 4, 1, 1, 'LOW', NULL, 1, '2020-06-18 11:40:00', '2020-06-18 11:40:09'),
(539, 'Item Updating', 'Item Updating', 'Kazi Golam Ruhul Shariful Islam', 1, 4, 1, 1, 'LOW', NULL, 1, '2020-06-18 11:41:00', '2020-06-18 11:40:25'),
(540, 'Item Creating', 'Item Creating', 'Arifur Rahman', 3, 4, 1, 1, 'LOW', NULL, 1, '2020-06-18 11:41:00', '2020-06-18 11:40:47'),
(541, 'Reman Item Creating', 'Reman Item Creating', 'Mamun Hoque', 1, 4, 1, 1, 'LOW', NULL, 1, '2020-06-18 11:41:00', '2020-06-18 11:41:10'),
(542, 'Price File Updating', 'Updating item prices both in Lawson and INTGRSRV2', 'Annatoma Islam', 4, 4, 1, 25, 'LOW', NULL, 1, '2020-06-21 14:10:00', '2020-06-21 14:09:53'),
(543, 'Server Checking', 'Checking status and available free space in INTGRSRV2, WEBSRV and DATAWHSRV', 'Annatoma Islam', 4, 4, 3, 25, 'LOW', NULL, 1, '2020-06-21 14:11:00', '2020-06-21 14:11:31'),
(544, 'Item Creating', 'Item Creating', 'Kazi Golam Ruhul Shariful Islam', 1, 4, 1, 1, 'LOW', NULL, 1, '2020-06-21 14:13:00', '2020-06-21 14:12:21'),
(545, 'Item Updating', 'Item Updating', 'Kazi Golam Ruhul Shariful Islam', 1, 4, 1, 1, 'LOW', NULL, 1, '2020-06-21 14:13:00', '2020-06-21 14:12:45'),
(546, 'Customer name Changing', 'Customer name Changing', 'Mustafizur Rahman', 6, 4, 2, 1, 'LOW', NULL, 1, '2020-06-21 14:14:00', '2020-06-21 14:13:36'),
(547, 'Price File Updating', 'Updating Item prices both in Lawson and INTGRSRV2', 'Annatoma Islam', 4, 4, 1, 1, 'LOW', NULL, 1, '2020-06-22 12:34:00', '2020-06-22 12:33:25'),
(548, 'Server Checking', 'Checking status and available free space in INTGRSRV2, WEBSRV and DATAWHSRV', 'Annatoma Islam', 4, 4, 3, 25, 'LOW', NULL, 1, '2020-06-22 12:34:00', '2020-06-22 12:34:02'),
(549, 'Item Updating', 'Item Updating', 'Kazi Golam Ruhul Shariful Islam', 1, 4, 1, 1, 'LOW', NULL, 1, '2020-06-22 12:35:00', '2020-06-22 12:34:30'),
(550, 'Item Updating', 'Item Updating', 'Moshiur Rahman', 1, 4, 1, 1, 'LOW', NULL, 1, '2020-06-22 12:35:00', '2020-06-22 12:34:48'),
(551, 'Item Creating and Updating', 'Item Creating and Updating', 'Md. Jekrullah', 14, 4, 1, 1, 'LOW', NULL, 1, '2020-06-22 12:36:00', '2020-06-22 12:35:38'),
(552, 'Item Updating', 'Item Updating', 'Md. Jekrullah', 14, 4, 1, 1, 'LOW', NULL, 1, '2020-06-22 12:36:00', '2020-06-22 12:35:58'),
(553, 'Release Problem', 'Release Problem', 'Biswajit Saha', 12, 4, 1, 1, 'LOW', NULL, 1, '2020-06-22 12:37:00', '2020-06-22 12:36:31'),
(554, 'Item Creating', 'Item Creating', 'Kazi Golam Ruhul Shariful Islam', 1, 4, 1, 1, 'LOW', NULL, 1, '2020-06-22 12:37:00', '2020-06-22 12:36:47'),
(555, 'Price file updating', 'Updating Item prices both in Lawson and INTGRSRV2', 'Annatoma Islam', 4, 4, 1, 25, 'LOW', NULL, 1, '2020-06-23 09:38:00', '2020-06-23 09:37:51'),
(556, 'Server Checking', 'Checking status and available free space in INTGRSRV2, WEBSRV and DATAWHSRV', 'Annatoma Islam', 4, 4, 3, 25, 'LOW', NULL, 1, '2020-06-23 09:39:00', '2020-06-23 09:38:41'),
(557, 'Item Creating', 'Item Creating', 'Arifur Rahman', 3, 4, 1, 1, 'LOW', NULL, 1, '2020-06-23 09:39:00', '2020-06-23 09:39:14'),
(558, 'Item Updating', 'Item Updating', 'Kazi Golam Ruhul Shariful Islam', 1, 4, 1, 1, 'LOW', NULL, 1, '2020-06-23 09:41:00', '2020-06-23 09:40:32'),
(559, 'Item Creating', 'Item Creating', 'Kazi Golam Ruhul Shariful Islam', 1, 4, 1, 1, 'LOW', NULL, 1, '2020-06-23 09:42:00', '2020-06-23 09:41:36'),
(560, 'Item Creating', 'Item Creating', 'Mohammad Harunur Rashid', 14, 4, 1, 1, 'LOW', NULL, 1, '2020-06-23 09:42:00', '2020-06-23 09:41:58'),
(561, 'Price File Updating', 'Updating item prices both in Lawson and INTGSRV2', 'Annatoma Islam', 4, 4, 1, 25, 'LOW', NULL, 1, '2020-06-24 10:25:00', '2020-06-24 10:25:26'),
(562, 'Server Checking', 'Checking status and available free space in INTGRSRV2, WEBSRV and DATAWHSRV', 'Annatoma Islam', 4, 4, 3, 25, 'LOW', NULL, 1, '2020-06-24 10:27:00', '2020-06-24 10:26:37'),
(563, 'Item Updating', 'Item Updating', 'Kazi Golam Ruhul Shariful Islam', 1, 4, 1, 1, 'LOW', NULL, 1, '2020-06-24 10:27:00', '2020-06-24 10:27:06'),
(564, 'Item Updating', 'Item Updating', 'Kazi Golam Ruhul Shariful Islam', 1, 4, 1, 1, 'LOW', NULL, 1, '2020-06-24 10:28:00', '2020-06-24 10:27:21'),
(565, 'Item Creating', 'Item Creating', 'Kazi Golam Ruhul Shariful Islam', 1, 4, 1, 1, 'LOW', NULL, 1, '2020-06-24 10:28:00', '2020-06-24 10:27:43'),
(566, 'Price File Updating', 'Updating item prices both in Lawson and INTGRSRV2', 'Annatoma Islam', 4, 4, 1, 25, 'LOW', NULL, 1, '2020-06-25 11:13:00', '2020-06-25 11:13:14'),
(567, 'Server Checking', 'Checking status and available free space in INTGRSRV2, WEBSRV and DATAWHSRV', 'Annatoma Islam', 4, 4, 3, 25, 'LOW', NULL, 1, '2020-06-25 11:14:00', '2020-06-25 11:13:51'),
(568, 'PIT File Error Checking', 'PIT File Error Checking', 'Annatoma Islam', 4, 4, 1, 5, 'LOW', NULL, 1, '2020-06-25 11:14:00', '2020-06-25 11:14:05'),
(569, 'Item status updating', 'Item status updating', 'Annatoma Islam', 4, 4, 1, 1, 'LOW', NULL, 1, '2020-06-25 11:15:00', '2020-06-25 11:14:20'),
(570, 'Customer name Changing', 'Customer name Changing', 'azra quraishi', 2, 4, 1, 1, 'LOW', NULL, 1, '2020-06-25 11:15:00', '2020-06-25 11:14:51'),
(571, 'Item Updating', 'Item Updating', 'Kazi Golam Ruhul Shariful Islam', 1, 4, 1, 1, 'LOW', NULL, 1, '2020-06-25 11:15:00', '2020-06-25 11:15:11'),
(572, 'Item Activation', 'Item Activation', 'Kazi Golam Ruhul Shariful Islam', 1, 4, 1, 1, 'LOW', NULL, 1, '2020-06-25 11:16:00', '2020-06-25 11:15:26'),
(573, 'CO unlock', 'CO unlock', 'Ahsan Tanzim Ahmed', 2, 4, 1, 5, 'LOW', NULL, 1, '2020-06-25 11:16:00', '2020-06-25 11:15:53'),
(574, 'Location Creating', 'Location Creating', 'Sharmin Shawon', 4, 4, 1, 1, 'LOW', NULL, 1, '2020-06-25 11:17:00', '2020-06-25 11:16:43'),
(575, 'Price File Updating', 'Updating Item prices both in Lawson and INTGRSRV2', 'Annatoma Islam', 4, 4, 1, 25, 'LOW', NULL, 1, '2020-06-28 15:05:00', '2020-06-28 15:04:52'),
(576, 'Server Checking', 'Checking status and available free space in INTGRSRV2, WEBSRV and DATAWHSRV', 'Annatoma Islam', 4, 4, 3, 25, 'LOW', NULL, 1, '2020-06-28 15:06:00', '2020-06-28 15:05:42'),
(577, 'Item Activation', 'Item Activation', 'Kazi Golam Ruhul Shariful Islam', 1, 4, 1, 1, 'LOW', NULL, 1, '2020-06-28 15:06:00', '2020-06-28 15:06:06'),
(578, 'Item Information Updating', 'Item Information Updating', 'Abdullah Al Amin', 1, 4, 1, 1, 'LOW', NULL, 1, '2020-06-28 15:07:00', '2020-06-28 15:06:32'),
(579, 'Item Creating', 'Item Creating', 'Arifur Rahman', 3, 4, 1, 1, 'LOW', NULL, 1, '2020-06-28 15:07:00', '2020-06-28 15:06:55'),
(580, 'CO unlock', 'CO unlock', 'Newaz Sanaul Kabir', 2, 4, 1, 5, 'LOW', NULL, 1, '2020-06-27 13:00:00', '2020-06-28 15:07:34'),
(581, 'SMS installation', 'SMS installation', 'Ashiqur Rahman Amit -MS', 6, 4, 2, 35, 'LOW', NULL, 1, '2020-06-28 15:40:00', '2020-06-28 15:39:48'),
(582, 'fasdfasd', 'dsafafds', 'Tanvir Rahim', 1, 1, 1, 1, 'LOW', NULL, 1, '2020-06-29 09:48:00', '2020-06-29 09:47:23'),
(584, 'fdf', 'fdfdf', 'Tanvir Rahim', 1, 1, 1, 1, 'HIGH', NULL, 1, '2020-06-29 10:00:00', '2020-06-29 09:50:16'),
(585, 'Meeting with craig for sms-workopolo integration', 'Meeting with craig for sms-workopolo integration', 'Craig White', 15, 1, 2, 39, 'MEDIUM', NULL, 1, '2020-06-29 06:00:00', '2020-06-29 10:45:51'),
(586, 'Server Checking', 'Checking status and available free space in INTGRSRV2, WEBSRV and DATAWHSRV', 'Annatoma Islam', 4, 4, 3, 25, 'LOW', NULL, 1, '2020-06-29 16:31:00', '2020-06-29 16:41:12'),
(587, 'Item Activation', 'Item Activation', 'Nowshad Shamsul Arefin', 1, 4, 1, 1, 'LOW', NULL, 1, '2020-06-29 16:42:00', '2020-06-29 16:42:06'),
(588, 'Item Creating', 'Item Creating', 'Kazi Golam Ruhul Shariful Islam', 1, 4, 1, 1, 'LOW', NULL, 1, '2020-06-29 16:43:00', '2020-06-29 16:42:36'),
(589, 'Item Creating', 'Item Creating', 'Moshiur Rahman', 1, 4, 1, 1, 'LOW', NULL, 1, '2020-06-29 16:43:00', '2020-06-29 16:42:57'),
(590, 'Item Creating', 'Item Creating', 'Arifur Rahman', 3, 4, 1, 1, 'LOW', NULL, 1, '2020-06-29 16:44:00', '2020-06-29 16:43:21'),
(591, 'Price File Updating', 'Updating item prices both in Lawson and INTGRSRV2', 'Annatoma Islam', 4, 4, 1, 25, 'LOW', NULL, 1, '2020-06-30 11:36:00', '2020-06-30 11:35:40'),
(592, 'Server Checking', 'Checking status and available free space in INTGRSRV2, WEBSRV and DATAWHSRV', 'Annatoma Islam', 4, 4, 3, 25, 'LOW', NULL, 1, '2020-06-30 11:37:00', '2020-06-30 11:36:38'),
(593, 'CO unlock', 'CO unlock', 'Jabun Nahar', 2, 4, 1, 5, 'LOW', NULL, 1, '2020-06-30 11:37:00', '2020-06-30 11:36:55'),
(594, 'Release Problem', 'Release Problem', 'Biswajit Saha', 12, 4, 1, 5, 'LOW', NULL, 1, '2020-06-30 11:38:00', '2020-06-30 11:37:23'),
(595, 'Item Creating', 'Item Creating', 'Rumana Akter', 3, 4, 1, 1, 'LOW', NULL, 1, '2020-06-30 11:38:00', '2020-06-30 11:37:44'),
(596, 'Item Creating', 'Item Creating', 'Kazi Golam Ruhul Shariful Islam', 1, 4, 1, 1, 'LOW', NULL, 1, '2020-06-30 11:38:00', '2020-06-30 11:38:03'),
(597, 'Rental Part Activation', 'Rental Part Activation', 'Mohammad Harunur Rashid', 14, 4, 1, 1, 'LOW', NULL, 1, '2020-07-01 17:55:00', '2020-07-01 17:54:51'),
(598, 'Release Problem', 'Release Problem', 'Biswajit Saha', 12, 4, 1, 1, 'LOW', NULL, 1, '2020-07-01 17:55:00', '2020-07-01 17:55:14'),
(599, 'Item Updating', 'Item Updating', 'Kazi Golam Ruhul Shariful Islam', 1, 4, 1, 1, 'LOW', NULL, 1, '2020-07-01 17:56:00', '2020-07-01 17:55:34'),
(600, 'Price File Updating', 'Updating item prices both in Lawson and INTGRSRV2', 'Annatoma Islam', 4, 4, 1, 25, 'LOW', NULL, 1, '2020-07-02 11:48:00', '2020-07-02 11:47:56'),
(601, 'PIT File Error Checking', 'PIT File Error Checking', 'Annatoma Islam', 4, 4, 1, 5, 'LOW', NULL, 1, '2020-07-02 11:48:00', '2020-07-02 11:48:10'),
(602, 'Item status updating', 'Item status updating', 'Annatoma Islam', 4, 4, 1, 1, 'LOW', NULL, 1, '2020-07-02 11:49:00', '2020-07-02 11:48:23'),
(603, 'Customer Information Updating', 'Customer Information Updating', 'Utsha Barua', 6, 4, 2, 1, 'LOW', NULL, 1, '2020-07-02 11:49:00', '2020-07-02 11:48:59'),
(604, 'CO unlock', 'CO unlock', 'Khondokar Ahamad Ullah Mohid', 5, 4, 1, 5, 'LOW', NULL, 1, '2020-07-02 11:50:00', '2020-07-02 11:49:34'),
(605, 'Item Creating and Updating', 'Item Creating and Updating', 'Mamun Hoque', 1, 4, 1, 1, 'LOW', NULL, 1, '2020-07-02 11:59:00', '2020-07-02 11:59:04'),
(606, 'Price File Updating', 'Updating item prices both in Lawson and INTGRSRV2', 'Annatoma Islam', 4, 4, 1, 25, 'LOW', NULL, 1, '2020-07-05 13:00:00', '2020-07-05 12:59:32'),
(607, 'Server Checking', 'Checking status and available free space in INTGRSRV2, WEBSRV and DATAWHSRV', 'Annatoma Islam', 4, 4, 3, 25, 'LOW', NULL, 1, '2020-07-05 13:01:00', '2020-07-05 13:00:23'),
(608, 'Item Creating', 'Item Creating', 'Kazi Golam Ruhul Shariful Islam', 1, 4, 1, 1, 'LOW', NULL, 1, '2020-07-05 13:01:00', '2020-07-05 13:00:42'),
(609, 'Item Creating', 'Item Creating', 'Abdullah Al Amin', 1, 4, 1, 1, 'LOW', NULL, 1, '2020-07-05 13:01:00', '2020-07-05 13:00:56'),
(610, 'CO unlock', 'CO unlock', 'Mohammad Bayazid Hossain', 5, 4, 1, 5, 'LOW', NULL, 1, '2020-07-05 13:02:00', '2020-07-05 13:01:38'),
(611, 'Item Updating', 'Item Updating', 'Kazi Golam Ruhul Shariful Islam', 1, 4, 1, 1, 'LOW', NULL, 1, '2020-07-05 13:02:00', '2020-07-05 13:02:00'),
(612, 'Server Checking', 'Checking status and available free space in INTGRSRV2, WEBSRV and DATAWHSRV', 'Annatoma Islam', 4, 4, 3, 25, 'LOW', NULL, 1, '2020-07-06 13:09:00', '2020-07-06 13:08:45'),
(613, 'CO unlock', 'CO unlock', 'Jabun Nahar', 2, 4, 1, 5, 'LOW', NULL, 1, '2020-07-06 13:09:00', '2020-07-06 13:09:07'),
(614, 'Lawson Problem Solving', 'Lawson Problem Solving', 'Kazi Faisal Imran', 2, 4, 1, 5, 'LOW', NULL, 1, '2020-07-06 13:11:00', '2020-07-06 13:11:22'),
(615, 'Price File Updating', 'Updating item prices both in Lawson and INTGRSRV2', 'Annatoma Islam', 4, 4, 1, 25, 'LOW', NULL, 1, '2020-07-07 11:28:00', '2020-07-07 11:28:07'),
(616, 'Server Checking', 'Checking status and available free space in INTGRSRV2, WEBSRV and DATAWHSRV', 'Annatoma Islam', 4, 4, 3, 25, 'LOW', NULL, 1, '2020-07-07 11:29:00', '2020-07-07 11:28:48'),
(617, 'CO unlock', 'CO unlock', 'Mashruf Ahmad Noman', 2, 4, 1, 5, 'LOW', NULL, 1, '2020-07-07 11:30:00', '2020-07-07 11:29:25'),
(618, 'Item Creating', 'Item Creating', 'Abdullah Al Amin', 1, 4, 1, 1, 'LOW', NULL, 1, '2020-07-07 11:30:00', '2020-07-07 11:29:43'),
(619, 'Item Creating', 'Item Creating', 'Abdullah Al Amin', 1, 4, 1, 1, 'LOW', NULL, 1, '2020-07-07 11:30:00', '2020-07-07 11:29:58'),
(620, 'SMS installation', 'SMS installation', 'S.M Jamal (Machine Sales)', 6, 4, 2, 35, 'LOW', NULL, 1, '2020-07-07 11:38:00', '2020-07-07 11:37:19'),
(621, 'Price file updating', 'Updating item prices both in INTGRSRV2 and Lawson', 'Annatoma Islam', 4, 4, 1, 25, 'LOW', NULL, 1, '2020-07-08 14:10:00', '2020-07-08 14:10:07'),
(622, 'Server Checking', 'Checking status and available free space in INTGRSRV2, WEBSRV and DATAWHSRV', 'Annatoma Islam', 4, 4, 3, 25, 'LOW', NULL, 1, '2020-07-08 14:11:00', '2020-07-08 14:14:00'),
(623, 'Item Creating', 'Item Creating', 'Kazi Golam Ruhul Shariful Islam', 1, 4, 1, 1, 'LOW', NULL, 1, '2020-07-08 14:17:00', '2020-07-08 14:17:20'),
(624, 'Item Creating', 'Item Creating', 'Kazi Golam Ruhul Shariful Islam', 1, 4, 1, 1, 'LOW', NULL, 1, '2020-07-08 14:18:00', '2020-07-08 14:18:28'),
(625, 'Item Creating', 'Item Creating', 'Kazi Golam Ruhul Shariful Islam', 1, 4, 1, 1, 'LOW', NULL, 1, '2020-07-08 14:19:00', '2020-07-08 14:19:39'),
(626, 'Item Creating', 'Item Creating', 'Abdullah Al Amin', 1, 4, 1, 1, 'LOW', NULL, 1, '2020-07-08 14:20:00', '2020-07-08 14:20:53'),
(627, 'Item Creating', 'Item Creating', 'Kazi Golam Ruhul Shariful Islam', 1, 4, 1, 1, 'LOW', NULL, 1, '2020-07-08 14:22:00', '2020-07-08 14:21:22'),
(628, 'Item Creating', 'Item Creating', 'Kazi Golam Ruhul Shariful Islam', 1, 4, 1, 1, 'LOW', NULL, 1, '2020-07-08 14:22:00', '2020-07-08 14:21:54'),
(629, 'Price file updating', 'Updating item prices both in Lawson and INTGRSRV2', 'Annatoma Islam', 4, 4, 1, 25, 'LOW', NULL, 1, '2020-07-09 11:52:00', '2020-07-09 11:51:31'),
(630, 'Server Checking', 'Checking status and available free space in INTGRSRV2, WEBSRV and DATAWHSRV', 'Annatoma Islam', 4, 4, 3, 25, 'LOW', NULL, 1, '2020-07-09 11:52:00', '2020-07-09 11:52:03'),
(631, 'Item Status Updating', 'Item Status Updating', 'Annatoma Islam', 4, 4, 1, 1, 'LOW', NULL, 1, '2020-07-09 11:53:00', '2020-07-09 11:52:17'),
(632, 'PIT File Error Checking and Correction', 'PIT File Error Checking and Correction', 'Annatoma Islam', 4, 4, 1, 5, 'LOW', NULL, 1, '2020-07-09 11:53:00', '2020-07-09 11:52:38'),
(633, 'Item Price Updating', 'Item Price Updating', 'Nesma Huda', 4, 4, 1, 1, 'LOW', NULL, 1, '2020-07-09 11:53:00', '2020-07-09 11:53:12'),
(634, 'Item Creating', 'Item Creating', 'Kazi Golam Ruhul Shariful Islam', 1, 4, 1, 1, 'LOW', NULL, 1, '2020-07-09 11:54:00', '2020-07-09 11:53:26'),
(635, 'Item Creating', 'Item Creating', 'Kazi Golam Ruhul Shariful Islam', 1, 4, 1, 1, 'LOW', NULL, 1, '2020-07-09 11:54:00', '2020-07-09 11:53:39'),
(636, 'Item Creating', 'Item Creating', 'Kazi Golam Ruhul Shariful Islam', 1, 4, 1, 1, 'LOW', NULL, 1, '2020-07-09 11:54:00', '2020-07-09 11:53:51'),
(637, 'Price File Updating', 'Updating item prices both in Lawson and INTGRSRV2', 'Annatoma Islam', 4, 4, 1, 25, 'LOW', NULL, 1, '2020-07-12 13:50:00', '2020-07-12 13:50:03'),
(638, 'Server Checking', 'Checking status and available free space in INTGRSRV2, WEBSRV and DATAWHSRV', 'Annatoma Islam', 4, 4, 2, 25, 'LOW', NULL, 1, '2020-07-12 13:51:00', '2020-07-12 13:50:51'),
(639, 'Item Creating', 'Item Creating', 'Kazi Golam Ruhul Shariful Islam', 1, 4, 1, 1, 'LOW', NULL, 1, '2020-07-12 13:52:00', '2020-07-12 13:51:34'),
(640, 'Item Updating', 'Item Updating', 'Kazi Golam Ruhul Shariful Islam', 1, 4, 1, 1, 'LOW', NULL, 1, '2020-07-12 13:52:00', '2020-07-12 13:51:57'),
(641, 'Server Checking', 'Checking status and available free space in INTGRSRV2, WEBSRV and DATAWHSRV', 'Annatoma Islam', 4, 4, 3, 25, 'LOW', NULL, 1, '2020-07-13 12:47:00', '2020-07-13 12:47:02'),
(642, 'Item Creating', 'Item Creating', 'Arifur Rahman', 3, 4, 1, 1, 'LOW', NULL, 1, '2020-07-13 12:48:00', '2020-07-13 12:47:26'),
(643, 'Item Updating', 'Item Updating', 'Kazi Golam Ruhul Shariful Islam', 1, 4, 1, 1, 'LOW', NULL, 1, '2020-07-13 12:48:00', '2020-07-13 12:47:40'),
(644, 'Price File Updating', 'Updating item prices both in Lawson and INTGRSRV2', 'Annatoma Islam', 4, 4, 1, 30, 'LOW', NULL, 1, '2020-07-14 11:26:00', '2020-07-14 11:25:52'),
(645, 'Server Checking', 'Checking status and available free space in INTGRSRV2, WEBSRV and DATAWHSRV', 'Annatoma Islam', 4, 4, 3, 1, 'LOW', NULL, 1, '2020-07-14 11:27:00', '2020-07-14 11:26:59'),
(646, 'Item Creating', 'Item Creating', 'Kazi Golam Ruhul Shariful Islam', 1, 4, 1, 1, 'LOW', NULL, 1, '2020-07-14 11:28:00', '2020-07-14 11:27:24'),
(647, 'Item status updating', 'Item status updating', 'Moshiur Rahman', 1, 4, 1, 1, 'LOW', NULL, 1, '2020-07-14 11:28:00', '2020-07-14 11:27:46'),
(648, 'Item Updating', 'Item Updating', 'Kazi Golam Ruhul Shariful Islam', 1, 4, 1, 1, 'LOW', NULL, 1, '2020-07-14 11:28:00', '2020-07-14 11:28:02'),
(649, 'Lawson install', 'Lawson install', 'Mohammad Sakhawat Hossain', 6, 4, 1, 35, 'LOW', NULL, 1, '2020-07-14 11:29:00', '2020-07-14 11:29:19'),
(650, 'SMS installation', 'SMS installation', 'Mohammad Sakhawat Hossain', 1, 4, 2, 35, 'LOW', NULL, 1, '2020-07-14 11:30:00', '2020-07-14 11:29:48'),
(651, 'Price File Updating', 'Updating item prices both in Lawson and INTGRSRV2', 'Annatoma Islam', 4, 4, 1, 25, 'LOW', NULL, 1, '2020-07-15 13:09:00', '2020-07-15 13:08:57'),
(652, 'Server Checking', 'Checking status and available free space in INTGRSRV2, WEBSRV and DATAWHSRV', 'Annatoma Islam', 4, 4, 3, 25, 'LOW', NULL, 1, '2020-07-15 13:10:00', '2020-07-15 13:09:37'),
(653, 'CO unlock', 'CO unlock', 'Jabun Nahar', 2, 4, 1, 5, 'LOW', NULL, 1, '2020-07-15 13:10:00', '2020-07-15 13:09:53'),
(654, 'Item Creating', 'Item Creating', 'Arifur Rahman', 3, 4, 1, 1, 'LOW', NULL, 1, '2020-07-15 13:11:00', '2020-07-15 13:10:16'),
(655, 'Reman Item Creating', 'Reman Item Creating', 'Mamun Hoque', 1, 4, 1, 1, 'LOW', NULL, 1, '2020-07-15 13:11:00', '2020-07-15 13:10:43'),
(656, 'Price File Updating', 'Updating item prices both in Lawson and INTGRSRV2', 'Annatoma Islam', 4, 4, 1, 25, 'LOW', NULL, 1, '2020-07-16 09:34:00', '2020-07-16 09:37:33'),
(657, 'Server Checking', 'Checking status and available free space in INTGRSRV2, WEBSRV and DATAWHSRV', 'Annatoma Islam', 4, 4, 3, 25, 'LOW', NULL, 1, '2020-07-16 09:40:00', '2020-07-16 09:39:47'),
(658, 'PIT File Error Checking', 'PIT File Error Checking', 'Annatoma Islam', 4, 4, 1, 1, 'LOW', NULL, 1, '2020-07-16 09:40:00', '2020-07-16 09:40:12'),
(659, 'Item Status Updating', 'Item Status Updating', 'Annatoma Islam', 4, 4, 1, 1, 'LOW', NULL, 1, '2020-07-16 09:41:00', '2020-07-16 09:41:29'),
(660, 'CO unlock', 'CO unlock', 'Md. Ehsanul Hasan', 2, 4, 1, 5, 'LOW', NULL, 1, '2020-07-16 09:42:00', '2020-07-16 09:42:12'),
(661, 'Item Updating', 'Item Updating', 'Kazi Golam Ruhul Shariful Islam', 1, 4, 1, 1, 'LOW', NULL, 1, '2020-07-16 09:43:00', '2020-07-16 09:42:48'),
(662, 'Item Updating', 'Item Updating', 'Kazi Golam Ruhul Shariful Islam', 1, 4, 1, 1, 'LOW', NULL, 1, '2020-07-16 09:43:00', '2020-07-16 09:43:20'),
(663, 'Item Creating', 'Item Creating', 'azra quraishi', 2, 4, 1, 1, 'LOW', NULL, 1, '2020-07-16 11:19:00', '2020-07-16 11:18:41'),
(664, 'invoice copies of mco not found', 'webex with infor, working as incident event', 'shafiul azam', 3, 2, 1, 5, 'MEDIUM', NULL, 1, '2020-07-17 11:50:00', '2020-07-17 12:13:50'),
(665, 'mco invoice copy not visible/spool file not generated', 'mco invoice copy not visible/spool file not generated', 'shafiul azam', 3, 2, 1, 18, 'LOW', NULL, 1, '2020-07-16 15:00:00', '2020-07-17 12:23:09'),
(666, 'mco invoice copy not visible/spool file not generated', NULL, 'shafiul azam', 3, 2, 1, 18, 'LOW', NULL, 1, '2020-07-17 14:00:00', '2020-07-17 12:23:38'),
(667, 'vat challan and invoice copy mismatch issue', 'vat challan and invoice copy mismatch', 'EJAJUR RAHMAN', 3, 2, 1, 5, 'MEDIUM', NULL, 1, '2020-07-17 13:00:00', '2020-07-17 12:38:30'),
(668, 'PO IN WRONG WAREHOUSE IN 300 DIVISION', 'WEBEX AND WORK AS SUGGESTED', 'rumana akhter', 3, 2, 1, 18, 'LOW', NULL, 1, '2020-07-16 12:15:00', '2020-07-17 12:40:26'),
(669, 'Price file Updating', 'Updating item prices both in Lawson and INTGRSRV2', 'Annatoma Islam', 4, 4, 1, 25, 'LOW', NULL, 1, '2020-07-19 13:04:00', '2020-07-19 13:04:06'),
(670, 'Server Checking', 'Checking status and available free space in INTGRSRV2, WEBSRV and DATAWHSRV', 'Annatoma Islam', 4, 4, 3, 25, 'LOW', NULL, 1, '2020-07-19 13:05:00', '2020-07-19 13:04:43'),
(671, 'Item Creating', 'Item Creating', 'Kazi Golam Ruhul Shariful Islam', 1, 4, 1, 1, 'LOW', NULL, 1, '2020-07-19 13:05:00', '2020-07-19 13:05:01'),
(672, 'Item Updating', 'Item Updating', 'Kazi Golam Ruhul Shariful Islam', 1, 4, 1, 1, 'LOW', NULL, 1, '2020-07-19 13:05:00', '2020-07-19 13:05:12'),
(673, 'Item Price Updating', 'Item Price Updating', 'Nesma Huda', 4, 4, 1, 1, 'LOW', NULL, 1, '2020-07-19 13:06:00', '2020-07-19 13:05:33'),
(674, 'Server Checking', 'Checking status and available free space in INTGRSRV2, WEBSRV and DATAWHSRV', 'Annatoma Islam', 4, 4, 3, 25, 'LOW', NULL, 1, '2020-07-20 12:38:00', '2020-07-20 12:38:05'),
(675, 'Resolving Registration Number Problem', 'Resolving Registration Number Problem', 'azra quraishi', 2, 4, 1, 1, 'LOW', NULL, 1, '2020-07-20 12:39:00', '2020-07-20 12:38:59'),
(676, 'Contribution Margin Ratio = 0 items finding', 'Contribution Margin Ratio = 0 items finding', 'Sharmin Shawon', 4, 4, 1, 1, 'LOW', NULL, 1, '2020-07-20 12:41:00', '2020-07-20 12:40:25'),
(677, 'co unlock', NULL, 'inteser fahim', 2, 2, 1, 5, 'LOW', NULL, 1, '2020-07-21 06:09:00', '2020-07-21 06:33:51');
INSERT INTO `tickets` (`id`, `name`, `description`, `raised_by`, `division_id`, `user_id`, `system_id`, `category_id`, `severity`, `severity_comments`, `statuses_id`, `created_at`, `updated_at`) VALUES
(678, 'Price File Updating', 'Updating item prices both in INTGRSRV2 and lawson', 'Annatoma Islam', 4, 4, 1, 25, 'LOW', NULL, 1, '2020-07-21 11:01:00', '2020-07-21 11:01:12'),
(679, 'Server Checking', 'Checking status and available free space in INTGRSRV2, WEBSRV and DATAWHSRV', 'Annatoma Islam', 4, 4, 3, 25, 'LOW', NULL, 1, '2020-07-21 11:02:00', '2020-07-21 11:01:54'),
(680, 'Item Creating', 'Item Creating', 'Kazi Golam Ruhul Shariful Islam', 1, 4, 1, 1, 'LOW', NULL, 1, '2020-07-21 11:02:00', '2020-07-21 11:02:07'),
(681, 'Customer Information Updating', 'Customer Information Updating', 'Annatoma Islam', 4, 4, 1, 1, 'LOW', NULL, 1, '2020-07-21 11:03:00', '2020-07-21 11:03:14'),
(682, 'Item Creating', 'Item Creating', 'Kazi Golam Ruhul Shariful Islam', 1, 4, 1, 1, 'LOW', NULL, 1, '2020-07-21 11:36:00', '2020-07-21 11:35:37'),
(683, 'Price file Updating', 'Updating item prices both in Lawson and INTGRSRV2', 'Annatoma Islam', 4, 4, 1, 25, 'LOW', NULL, 1, '2020-07-22 12:34:00', '2020-07-22 12:33:43'),
(684, 'Server Checking', 'Checking status and available free space in INTGRSRV2, WEBSRV and DATAWHSRV', 'Annatoma Islam', 4, 4, 3, 25, 'LOW', NULL, 1, '2020-07-22 12:35:00', '2020-07-22 12:34:29'),
(685, 'Customer Updating', 'Customer Updating', 'azra quraishi', 2, 4, 2, 1, 'LOW', NULL, 1, '2020-07-22 12:35:00', '2020-07-22 12:34:51'),
(686, 'Customer Information Updating', 'Customer Information Updating', 'azra quraishi', 2, 4, 1, 1, 'LOW', NULL, 1, '2020-07-22 12:35:00', '2020-07-22 12:35:18'),
(687, 'CO unlock', 'CO unlock', 'Ahsan Tanzim Ahmed', 2, 4, 1, 5, 'LOW', NULL, 1, '2020-07-22 12:36:00', '2020-07-22 12:35:44'),
(688, 'Price File Updating', 'Updating item prices both in Lawson and INTGRSRV2', 'Annatoma Islam', 4, 4, 1, 25, 'LOW', NULL, 1, '2020-07-23 11:26:00', '2020-07-23 11:25:53'),
(689, 'Server Checking', 'Checking status and available free space in INTGRSRV2, WEBSRV and DATAWHSRV', 'Annatoma Islam', 4, 4, 3, 25, 'LOW', NULL, 1, '2020-07-23 11:27:00', '2020-07-23 11:26:42'),
(690, 'PIT File Error Checking and Correction', 'PIT File Error Checking and Correction', 'Annatoma Islam', 4, 4, 1, 5, 'LOW', NULL, 1, '2020-07-23 11:27:00', '2020-07-23 11:27:03'),
(691, 'Item status updating', 'Item status updating', 'Annatoma Islam', 4, 4, 1, 1, 'LOW', NULL, 1, '2020-07-23 11:28:00', '2020-07-23 11:27:19'),
(692, 'Item Creating', 'Item Creating', 'Kazi Golam Ruhul Shariful Islam', 1, 4, 1, 1, 'LOW', NULL, 1, '2020-07-23 11:28:00', '2020-07-23 11:27:46'),
(693, 'Item Updating', 'Item Updating', 'Kazi Golam Ruhul Shariful Islam', 1, 4, 1, 1, 'LOW', NULL, 1, '2020-07-23 11:28:00', '2020-07-23 11:28:05'),
(694, 'Item Creating', 'Item Creating', 'Kazi Golam Ruhul Shariful Islam', 1, 4, 1, 1, 'LOW', NULL, 1, '2020-07-23 11:29:00', '2020-07-23 11:28:17'),
(695, 'Item Updating', 'Item Updating', 'Kazi Golam Ruhul Shariful Islam', 1, 4, 1, 1, 'LOW', NULL, 1, '2020-07-23 11:29:00', '2020-07-23 11:28:34'),
(696, 'Item Activation', 'Item Activation', 'Tanvir Hassan Shawon', 2, 4, 1, 1, 'LOW', NULL, 1, '2020-07-23 11:29:00', '2020-07-23 11:29:07'),
(697, 'Item Creating', 'Item Creating', 'Kazi Golam Ruhul Shariful Islam', 1, 4, 1, 1, 'LOW', NULL, 1, '2020-07-23 11:30:00', '2020-07-23 11:29:31'),
(698, 'Item Activation', 'Item Activation', 'azra quraishi', 2, 4, 1, 1, 'LOW', NULL, 1, '2020-07-23 11:30:00', '2020-07-23 11:29:46'),
(699, 'Item Activation', 'Item Activation', 'Kazi Golam Ruhul Shariful Islam', 1, 4, 1, 1, 'LOW', NULL, 1, '2020-07-23 11:30:00', '2020-07-23 11:30:04'),
(700, 'Contribution Margin Ratio = 0 items finding', 'Contribution Margin Ratio = 0 items finding', 'Sharmin Shawon', 4, 4, 1, 1, 'LOW', NULL, 1, '2020-07-23 11:31:00', '2020-07-23 11:30:22'),
(701, 'warehouse 140 items\' order type finding', 'warehouse 140 items\' order type finding', 'Nesma Huda', 4, 4, 1, 1, 'LOW', NULL, 1, '2020-07-23 11:31:00', '2020-07-23 11:30:57'),
(702, 'wo unlock issue', NULL, 'khondokar mohid', 5, 2, 1, 5, 'LOW', NULL, 1, '2020-07-24 09:10:00', '2020-07-24 13:40:17'),
(703, 'Price File Updating', 'Updating item prices in Lawson and INTGRSRV2', 'Annatoma Islam', 4, 4, 1, 25, 'LOW', NULL, 1, '2020-07-26 12:20:00', '2020-07-26 12:19:42'),
(704, 'Server Checking', 'Checking status and available free space in INTGRSRV2, WEBSRV and DATAWHSRV', 'Annatoma Islam', 4, 4, 3, 25, 'LOW', NULL, 1, '2020-07-26 12:21:00', '2020-07-26 12:20:18'),
(705, 'item price updating', 'item price updating', 'Kazi Golam Ruhul Shariful Islam', 1, 4, 1, 1, 'LOW', NULL, 1, '2020-07-26 12:21:00', '2020-07-26 12:21:23'),
(706, 'DO link removing', 'DO link removing', 'Satya Brata Das', 2, 4, 1, 1, 'LOW', NULL, 1, '2020-07-26 12:22:00', '2020-07-26 12:22:12'),
(707, 'DO link removing', 'DO link removing', 'Satya Brata Das', 2, 4, 1, 1, 'LOW', NULL, 1, '2020-07-26 12:23:00', '2020-07-26 12:22:31'),
(708, 'Customer Information Updating', 'Customer Information Updating', 'Md. Tariful Islam', 2, 4, 1, 1, 'LOW', NULL, 1, '2020-07-26 12:23:00', '2020-07-26 12:24:06'),
(709, 'Contribution Margin Updating', 'Contribution Margin Updating', 'Jafar Khan', 3, 4, 1, 1, 'LOW', NULL, 1, '2020-07-27 12:47:00', '2020-07-27 12:46:28'),
(710, 'Customer Industry Code Updating', 'Customer Industry Code Updating', 'Sharmin Shawon', 4, 4, 1, 1, 'LOW', NULL, 1, '2020-07-27 12:47:00', '2020-07-27 12:46:49'),
(711, 'Server Checking', 'Checking status and available free space in INTGRSRV2, WEBSRV and DATAWHSRV', 'Annatoma Islam', 4, 4, 3, 25, 'LOW', NULL, 1, '2020-07-27 12:48:00', '2020-07-27 12:47:32'),
(712, 'CO unlock', 'CO unlock', 'Mosharrof Hossain', 2, 4, 1, 5, 'LOW', NULL, 1, '2020-07-27 12:49:00', '2020-07-27 12:48:28'),
(713, 'CO unlock', 'CO unlock', 'Mosharrof Hossain', 2, 4, 1, 5, 'LOW', NULL, 1, '2020-07-27 12:49:00', '2020-07-27 12:48:48'),
(714, 'Item Creating', 'Item Creating', 'Rumana Akter', 3, 4, 1, 1, 'LOW', NULL, 1, '2020-07-27 12:49:00', '2020-07-27 12:49:07'),
(715, 'Item Creating', 'Item Creating', 'Kazi Golam Ruhul Shariful Islam', 1, 4, 1, 1, 'LOW', NULL, 1, '2020-07-27 12:50:00', '2020-07-27 12:49:37'),
(716, 'Item Creating', 'Item Creating', 'Kazi Golam Ruhul Shariful Islam', 1, 4, 1, 1, 'LOW', NULL, 1, '2020-07-27 12:50:00', '2020-07-27 12:49:47'),
(717, 'Item Creating', 'Item Creating', 'Kazi Golam Ruhul Shariful Islam', 1, 4, 1, 1, 'LOW', NULL, 1, '2020-07-27 12:50:00', '2020-07-27 12:50:00'),
(718, 'Price File Updating', 'Updating Item prices both in Lawson and INTGRSRV2', 'Annatoma Islam', 4, 4, 1, 25, 'LOW', NULL, 1, '2020-07-28 10:56:00', '2020-07-28 10:55:27'),
(719, 'Server Checking', 'Checking status and available free space in INTGRSRV2, WEBSRV and DATAWHSRV', 'Annatoma Islam', 4, 4, 3, 25, 'LOW', NULL, 1, '2020-07-28 10:57:00', '2020-07-28 10:56:28'),
(720, 'CO unlock', 'CO unlock', 'Tanvir Hassan Shawon', 2, 4, 1, 5, 'LOW', NULL, 1, '2020-07-28 10:57:00', '2020-07-28 10:56:59'),
(721, 'Item Creating', 'Item Creating', 'Kazi Golam Ruhul Shariful Islam', 1, 4, 1, 1, 'LOW', NULL, 1, '2020-07-28 10:58:00', '2020-07-28 10:57:16'),
(722, 'Customer Updating', 'Customer Updating', 'Ahaduz Zaman', 6, 4, 2, 1, 'LOW', NULL, 1, '2020-07-28 10:58:00', '2020-07-28 10:57:47'),
(723, 'CO unlock', 'CO unlock', 'Obaidur Rahman', 2, 4, 1, 5, 'LOW', NULL, 1, '2020-07-28 10:58:00', '2020-07-28 10:58:09'),
(724, 'Item Creating', 'Item Creating', 'Kazi Golam Ruhul Shariful Islam', 1, 4, 1, 1, 'LOW', NULL, 1, '2020-07-28 10:59:00', '2020-07-28 10:58:24'),
(725, 'Contribution Margin Updating', 'Contribution Margin Updating', 'Jafar Khan', 3, 4, 1, 1, 'LOW', NULL, 1, '2020-07-28 10:59:00', '2020-07-28 10:58:41'),
(726, 'Customer Industry Code Updating', 'Customer Industry Code Updating', 'Sharmin Shawon', 4, 4, 1, 1, 'LOW', NULL, 1, '2020-07-28 10:59:00', '2020-07-28 10:58:57'),
(727, 'Price File Updating', 'Updating Item prices both in Lawson and INTGRSRV2', 'Annatoma Islam', 4, 4, 1, 25, 'LOW', NULL, 1, '2020-07-29 12:50:00', '2020-07-29 12:49:33'),
(728, 'Server Checking', 'Checking status and available free space in INTGRSRV2, WEBSRV and DATAWHSRV', 'Annatoma Islam', 4, 4, 3, 25, 'LOW', NULL, 1, '2020-07-29 12:51:00', '2020-07-29 12:53:45'),
(729, 'Customer CIC Code Updating', 'Customer CIC Code Updating', 'Bazlur Rashid', 4, 4, 1, 1, 'LOW', NULL, 1, '2020-07-29 12:55:00', '2020-07-29 12:54:33'),
(730, 'Item Activation', 'Item Activation', 'azra quraishi', 2, 4, 1, 1, 'LOW', NULL, 1, '2020-07-29 12:55:00', '2020-07-29 12:55:06'),
(731, 'Item Creating', 'Item Creating', 'Kazi Golam Ruhul Shariful Islam', 1, 4, 1, 1, 'LOW', NULL, 1, '2020-07-29 12:56:00', '2020-07-29 12:55:26'),
(732, 'Item Creating', 'Item Creating', 'Kazi Golam Ruhul Shariful Islam', 1, 4, 1, 1, 'LOW', NULL, 1, '2020-07-29 12:56:00', '2020-07-29 12:55:52'),
(733, 'Contribution Margin Updating', 'Contribution Margin Updating', 'Jafar Khan', 3, 4, 1, 1, 'LOW', NULL, 1, '2020-07-29 12:56:00', '2020-07-29 12:56:42'),
(734, 'Price File Updating', 'Updating item prices both in Lawson and INTGRSRV2', 'Annatoma Islam', 4, 4, 1, 25, 'LOW', NULL, 1, '2020-07-30 11:24:00', '2020-07-30 11:24:19'),
(735, 'Server Checking', 'Checking status and available free space in INTGRSRV2, WEBSRV and DATAWHSRV', 'Annatoma Islam', 4, 4, 3, 25, 'LOW', NULL, 1, '2020-07-30 11:25:00', '2020-07-30 11:25:05'),
(736, 'PIT File Error Checking', 'PIT File Error Checking', 'Annatoma Islam', 4, 4, 1, 5, 'LOW', NULL, 1, '2020-07-30 11:26:00', '2020-07-30 11:25:21'),
(737, 'CO unlock', 'CO unlock', 'Kazi Golam Ruhul Shariful Islam', 1, 4, 1, 5, 'LOW', NULL, 1, '2020-07-30 11:26:00', '2020-07-30 11:25:33'),
(738, 'DO Unlock', 'DO Unlock', 'Kazi Golam Ruhul Shariful Islam', 1, 4, 1, 5, 'LOW', NULL, 1, '2020-07-30 11:26:00', '2020-07-30 11:25:51'),
(739, 'CO unlock', 'CO unlock', 'Mahrush Rahman', 2, 4, 1, 5, 'LOW', NULL, 1, '2020-07-30 11:26:00', '2020-07-30 11:26:07'),
(740, 'Item Activation', 'Item Activation', 'azra quraishi', 2, 4, 1, 1, 'LOW', NULL, 1, '2020-07-30 11:27:00', '2020-07-30 11:26:24'),
(741, 'Item Status Updating', 'Item Status Updating', 'Annatoma Islam', 4, 4, 1, 1, 'LOW', NULL, 1, '2020-07-30 11:31:00', '2020-07-30 11:31:07'),
(742, 'Price file Updating', 'Updating item prices in Lawson and INTGRSRV2', 'Annatoma Islam', 4, 4, 1, 25, 'LOW', NULL, 1, '2020-08-04 11:32:00', '2020-08-04 11:31:57'),
(743, 'Server Checking', 'Checking status and available free space in INTGRSRV2, WEBSRV and DATAWHSRV', 'Annatoma Islam', 4, 4, 3, 25, 'LOW', NULL, 1, '2020-08-04 11:33:00', '2020-08-04 11:32:33'),
(744, 'Item Updating', 'Item Updating', 'Kazi Golam Ruhul Shariful Islam', 1, 4, 1, 1, 'LOW', NULL, 1, '2020-08-03 05:00:00', '2020-08-04 11:32:57'),
(745, 'Price File Updating', 'Updating item prices both in Lawson and INTGRSRV2', 'Annatoma Islam', 4, 4, 1, 25, 'LOW', NULL, 1, '2020-08-05 12:05:00', '2020-08-05 12:04:46'),
(746, 'Server Checking', 'Checking status and available free space in INTGRSRV2, WEBSRV and DATAWHSRV', 'Annatoma Islam', 4, 4, 3, 25, 'LOW', NULL, 1, '2020-08-05 12:06:00', '2020-08-05 12:05:21'),
(747, 'SMS Install', 'SMS Install', 'Tamanna Tasnim', 9, 4, 2, 35, 'LOW', NULL, 1, '2020-08-05 12:06:00', '2020-08-05 12:06:04'),
(748, 'Item Creating', 'Item Creating', 'Rumana Akter', 3, 4, 1, 1, 'LOW', NULL, 1, '2020-08-05 12:07:00', '2020-08-05 12:06:22'),
(749, 'Item Creating', 'Item Creating', 'Kazi Golam Ruhul Shariful Islam', 1, 4, 1, 1, 'LOW', NULL, 1, '2020-08-05 12:07:00', '2020-08-05 12:06:34'),
(750, 'Price File Updating', 'Updating Item prices both in Lawson and INTGRSRV2', 'Annatoma Islam', 4, 4, 1, 25, 'LOW', NULL, 1, '2020-08-06 11:40:00', '2020-08-06 11:39:54'),
(751, 'Server Checking', 'Checking status and available free space in INTGRSRV2, WEBSRV and DATAWHSRV', 'Annatoma Islam', 4, 4, 3, 25, 'LOW', NULL, 1, '2020-08-06 11:41:00', '2020-08-06 11:40:30'),
(752, 'PIT File Error Checking', 'PIT File Error Checking', 'Annatoma Islam', 4, 4, 1, 5, 'LOW', NULL, 1, '2020-08-06 11:41:00', '2020-08-06 11:40:46'),
(753, 'Item Status Updating', 'Item Status Updating', 'Annatoma Islam', 4, 4, 1, 1, 'LOW', NULL, 1, '2020-08-06 11:41:00', '2020-08-06 11:41:00'),
(754, 'Customer Information Updating', 'Customer Information Updating', 'azra quraishi', 2, 4, 1, 1, 'LOW', NULL, 1, '2020-08-06 11:42:00', '2020-08-06 11:41:16'),
(755, 'Customer Information Updating', 'Customer Information Updating', 'azra quraishi', 2, 4, 1, 1, 'LOW', NULL, 1, '2020-08-06 11:42:00', '2020-08-06 11:41:28'),
(756, 'Release Problem', 'Release Problem', 'Biswajit Saha', 12, 4, 1, 5, 'LOW', NULL, 1, '2020-08-06 11:42:00', '2020-08-06 11:41:46'),
(757, 'Item Creating', 'Item Creating', 'Kazi Golam Ruhul Shariful Islam', 1, 4, 1, 1, 'LOW', NULL, 1, '2020-08-06 11:42:00', '2020-08-06 11:42:08'),
(758, 'Item Creating', 'Item Creating', 'Altamash Farah Shanto', 11, 4, 1, 1, 'LOW', NULL, 1, '2020-08-06 11:43:00', '2020-08-06 11:42:28'),
(759, 'Price File Updating', 'Updating item prices both in Lawson and INTGRSRV2', 'Annatoma Islam', 4, 4, 1, 25, 'LOW', NULL, 1, '2020-08-09 11:48:00', '2020-08-09 11:47:30'),
(760, 'Item Creating', 'Item Creating', 'Kazi Golam Ruhul Shariful Islam', 1, 4, 1, 1, 'LOW', NULL, 1, '2020-08-09 11:48:00', '2020-08-09 11:47:41'),
(761, 'Item Creating', 'Item Creating', 'Kazi Golam Ruhul Shariful Islam', 1, 4, 1, 1, 'LOW', NULL, 1, '2020-08-09 11:48:00', '2020-08-09 11:47:53'),
(762, 'CO closing', 'CO closing', 'Md. Rafsunjani', 2, 4, 1, 5, 'LOW', NULL, 1, '2020-08-09 11:49:00', '2020-08-09 11:48:40'),
(763, 'CO unlock', 'CO unlock', 'Nazmul Hassan', 2, 4, 1, 5, 'LOW', NULL, 1, '2020-08-10 11:07:00', '2020-08-10 11:07:03'),
(764, 'Item Creating', 'Item Creating', 'Moshiur Rahman', 1, 4, 1, 1, 'LOW', NULL, 1, '2020-08-10 11:08:00', '2020-08-10 11:07:21'),
(765, 'SMS installation', 'SMS installation', 'Md. Sanwar Zahan Rontu', 2, 4, 2, 35, 'LOW', NULL, 1, '2020-08-10 11:09:00', '2020-08-10 11:08:19'),
(766, 'Server Checking', 'Checking status and available free space in INTGRSRV2, WEBSRV and DATAWHSRV', 'Annatoma Islam', 4, 4, 3, 25, 'LOW', NULL, 1, '2020-08-10 11:10:00', '2020-08-10 11:09:28'),
(767, 'Lawson Install', 'Lawson Install', 'Md. Zahidul Alam - E&FSS', 7, 4, 1, 35, 'LOW', NULL, 1, '2020-08-10 11:25:00', '2020-08-10 11:25:25'),
(768, 'SMS Install', 'SMS Install', 'Md. Zahidul Alam - E&FSS', 7, 4, 2, 35, 'LOW', NULL, 1, '2020-08-10 11:26:00', '2020-08-10 11:25:47'),
(769, 'Price File Updating', 'Updating Item prices both in Lawson and INTGRSRV2', 'Annatoma Islam', 4, 4, 1, 25, 'LOW', NULL, 1, '2020-08-12 11:43:00', '2020-08-12 11:43:14'),
(770, 'Server Checking', 'Checking status and available free space in INTGRSRV2, WEBSRV and DATAWHSRV', 'Annatoma Islam', 4, 4, 3, 25, 'LOW', NULL, 1, '2020-08-12 11:44:00', '2020-08-12 11:43:55'),
(771, 'Customer Address Updating In Lawson and SMS', 'Customer Address Updating In Lawson and SMS', 'azra quraishi', 2, 4, 2, 1, 'LOW', NULL, 1, '2020-08-12 11:45:00', '2020-08-12 11:44:52'),
(772, 'Customer Address Updating In Lawson and SMS', 'Customer Address Updating In Lawson and SMS', 'azra quraishi', 2, 4, 2, 1, 'LOW', NULL, 1, '2020-08-12 11:45:00', '2020-08-12 11:45:08'),
(773, 'Item Activation', 'Item Activation', 'Jabun Nahar', 2, 4, 1, 1, 'LOW', NULL, 1, '2020-08-12 11:46:00', '2020-08-12 11:45:23'),
(774, 'Item Creating', 'Item Creating', 'Rumana Akter', 3, 4, 1, 1, 'LOW', NULL, 1, '2020-08-12 11:46:00', '2020-08-12 11:45:39'),
(775, 'CO unlock', 'CO unlock', 'Nazmul Hassan', 2, 4, 1, 5, 'LOW', NULL, 1, '2020-08-12 11:46:00', '2020-08-12 11:46:04'),
(776, 'Item Creating', 'Item Creating', 'Kazi Golam Ruhul Shariful Islam', 1, 4, 1, 1, 'LOW', NULL, 1, '2020-08-12 11:47:00', '2020-08-12 11:46:56'),
(777, 'Item Updating', 'Item Updating', 'Kazi Golam Ruhul Shariful Islam', 1, 4, 1, 1, 'LOW', NULL, 1, '2020-08-12 11:47:00', '2020-08-12 11:47:08'),
(778, 'Item Activation', 'Item Activation', 'Kazi Golam Ruhul Shariful Islam', 1, 4, 1, 1, 'LOW', NULL, 1, '2020-08-12 11:48:00', '2020-08-12 11:47:20'),
(779, 'DHM Meeting Support', 'DHM Meeting Support', 'Abida Khatun', 19, 1, 8, 42, 'MEDIUM', NULL, 1, '2020-08-13 04:00:00', '2020-08-13 09:06:04'),
(780, 'Enterprise Search Server replace', 'Enterprise Search Server replace', 'Zayed Imran', 4, 1, 3, 5, 'HIGH', NULL, 1, '2020-08-13 06:00:00', '2020-08-13 09:07:04'),
(781, 'Check daily bakup', 'Check daily bakup', 'Tanvir Rahim', 20, 1, 3, 25, 'LOW', NULL, 1, '2020-08-13 09:09:00', '2020-08-13 09:09:11'),
(782, 'Item Creating', 'Item Creating', 'S.M Jamal (Machine Sales)', 6, 4, 1, 1, 'LOW', NULL, 1, '2020-08-13 14:28:00', '2020-08-13 14:27:43'),
(783, 'Item Creating', 'Item Creating', 'Rumana Akter', 3, 4, 1, 1, 'LOW', NULL, 1, '2020-08-13 14:28:00', '2020-08-13 14:28:13'),
(784, 'Item Creating', 'Item Creating', 'Arifur Rahman', 3, 4, 1, 1, 'LOW', NULL, 1, '2020-08-13 14:29:00', '2020-08-13 14:28:27'),
(785, 'Item Activation', 'Item Activation', 'Mohammad Harunur Rashid', 14, 4, 1, 1, 'LOW', NULL, 1, '2020-08-13 14:30:00', '2020-08-13 14:29:27'),
(786, 'Item Activation', 'Item Activation', 'Mohammad Harunur Rashid', 14, 4, 1, 1, 'LOW', NULL, 1, '2020-08-13 14:30:00', '2020-08-13 14:29:43'),
(787, 'Item Creating', 'Item Creating', 'Kazi Golam Ruhul Shariful Islam', 1, 4, 1, 1, 'LOW', NULL, 1, '2020-08-13 14:30:00', '2020-08-13 14:30:01'),
(788, 'Item Activation', 'Item Activation', 'Kazi Golam Ruhul Shariful Islam', 1, 4, 1, 1, 'LOW', NULL, 1, '2020-08-13 14:31:00', '2020-08-13 14:30:19'),
(789, 'Price File Updating', 'Updating Item prices both in Lawson and INTGRSRV2', 'Annatoma Islam', 4, 4, 1, 25, 'LOW', NULL, 1, '2020-08-13 14:31:00', '2020-08-13 14:30:47'),
(790, 'PIT File Error Checking', 'PIT File Error Checking', 'Annatoma Islam', 4, 4, 1, 5, 'LOW', NULL, 1, '2020-08-13 14:34:00', '2020-08-13 14:34:20'),
(791, 'Server Checking', 'Checking status and available free space in INTGRSRV2, WEBSRV and DATAWHSRV', 'Annatoma Islam', 4, 4, 3, 25, 'LOW', NULL, 1, '2020-08-13 14:47:00', '2020-08-13 14:47:18'),
(792, 'Item status updating', 'Item status updating', 'Annatoma Islam', 4, 4, 1, 1, 'LOW', NULL, 1, '2020-08-13 14:53:00', '2020-08-13 14:52:40'),
(793, 'CO unlock', 'CO unlock', 'Md. Anarul Islam Sohel', 5, 4, 1, 5, 'LOW', NULL, 1, '2020-08-16 15:19:00', '2020-08-16 15:19:11'),
(794, 'Item Information Updating', 'Item Information Updating', 'Kazi Golam Ruhul Shariful Islam', 1, 4, 1, 1, 'LOW', NULL, 1, '2020-08-16 15:20:00', '2020-08-16 15:19:37'),
(795, 'Item Creating', 'Item Creating', 'Kazi Golam Ruhul Shariful Islam', 1, 4, 1, 1, 'LOW', NULL, 1, '2020-08-16 15:20:00', '2020-08-16 15:20:02'),
(796, 'Item Creating', 'Item Creating', 'Kazi Golam Ruhul Shariful Islam', 1, 4, 1, 1, 'LOW', NULL, 1, '2020-08-16 15:21:00', '2020-08-16 15:20:24'),
(797, 'Item Information Updating', 'Item Information Updating', 'Arifur Rahman', 3, 4, 1, 1, 'LOW', NULL, 1, '2020-08-16 15:21:00', '2020-08-16 15:20:48'),
(798, 'Price File Updating', 'Price File Updating', 'Annatoma Islam', 4, 4, 1, 25, 'LOW', NULL, 1, '2020-08-16 15:21:00', '2020-08-16 15:21:04'),
(799, 'Price File Updating', 'Price File Updating', 'Annatoma Islam', 4, 4, 1, 25, 'LOW', NULL, 1, '2020-08-17 12:52:00', '2020-08-17 12:51:56'),
(800, 'CO unlock', 'CO unlock', 'Jabun Nahar', 2, 4, 1, 5, 'LOW', NULL, 1, '2020-08-17 12:53:00', '2020-08-17 12:52:14'),
(801, 'Customer Information Updating', 'Customer Information Updating', 'azra quraishi', 2, 4, 2, 1, 'LOW', NULL, 1, '2020-08-17 12:53:00', '2020-08-17 12:52:37'),
(802, 'Rental Part Activation', 'Rental Part Activation', 'Mohammad Harunur Rashid', 14, 4, 1, 1, 'LOW', NULL, 1, '2020-08-17 12:53:00', '2020-08-17 12:52:54'),
(803, 'Rental Part Activation', 'Rental Part Activation', 'Mohammad Harunur Rashid', 2, 4, 1, 1, 'LOW', NULL, 1, '2020-08-17 12:53:00', '2020-08-17 12:53:10'),
(804, 'Check daily bakup', 'asdfdsfsd', 'Nowshad Arefin', 1, 1, 1, 1, 'LOW', NULL, 1, '2020-08-18 04:13:00', '2020-08-18 04:13:03'),
(805, 'fasd', 'sdafdsaf', 'dfads', 1, 1, 1, 1, 'LOW', NULL, 1, '2020-08-18 04:13:00', '2020-08-18 04:13:46'),
(806, 'afd', 'adsfd', 'Tanvir Rahim', 16, 1, 2, 41, 'MEDIUM', NULL, 1, '2020-08-18 04:15:00', '2020-08-18 04:14:38'),
(807, 'Price File Updating', 'Price File Updating', 'Annatoma Islam', 4, 4, 1, 25, 'LOW', NULL, 1, '2020-08-18 10:59:00', '2020-08-18 10:58:58'),
(808, 'CO unlock', 'CO unlock', 'Md. Salauddin Mintu', 2, 4, 1, 5, 'LOW', NULL, 1, '2020-08-18 11:00:00', '2020-08-18 10:59:30'),
(809, 'Teams Installation', 'Teams Installation', 'SCM, Parts Operation Group', 1, 4, 8, 35, 'LOW', NULL, 1, '2020-08-18 11:00:00', '2020-08-18 11:00:26'),
(810, 'Item Creating and Updating', 'Item Creating and Updating', 'Kazi Golam Ruhul Shariful Islam', 1, 4, 1, 1, 'LOW', NULL, 1, '2020-08-18 11:25:00', '2020-08-18 11:25:01'),
(811, 'Item Activation', 'Item Activation', 'Khairul Hasan Sony', 5, 4, 1, 1, 'LOW', NULL, 1, '2020-08-19 12:33:00', '2020-08-19 12:33:07'),
(812, 'Item Creating', 'Item Creating', 'Mohammad Harunur Rashid', 14, 4, 1, 1, 'LOW', NULL, 1, '2020-08-19 12:34:00', '2020-08-19 12:33:33'),
(813, 'Item Creating', 'Item Creating', 'Mohammad Harunur Rashid', 14, 4, 1, 1, 'LOW', NULL, 1, '2020-08-19 12:34:00', '2020-08-19 12:33:46'),
(814, 'Item Creating', 'Item Creating', 'Mohammad Harunur Rashid', 14, 4, 1, 1, 'LOW', NULL, 1, '2020-08-19 12:34:00', '2020-08-19 12:33:57'),
(815, 'Item Creating', 'Item Creating', 'Arifur Rahman', 3, 4, 1, 1, 'LOW', NULL, 1, '2020-08-19 12:34:00', '2020-08-19 12:34:09'),
(816, 'Price File Updating', 'Price File Updating', 'Annatoma Islam', 4, 4, 1, 25, 'LOW', NULL, 1, '2020-08-19 12:35:00', '2020-08-19 12:34:25'),
(817, 'warehouse 140 items\' order type finding and updating', 'warehouse 140 items\' order type finding and updating', 'Nesma Huda', 4, 4, 1, 1, 'LOW', NULL, 1, '2020-08-19 12:35:00', '2020-08-19 12:34:53'),
(818, 'Teams Installation', 'Teams Installation', 'SCM', 1, 4, 8, 35, 'LOW', NULL, 1, '2020-08-19 12:35:00', '2020-08-19 12:35:12'),
(819, 'ServiceCOM access to Sharmin', 'ServiceCOM access to Sharmin', 'Sharmin Shawon', 4, 1, 3, 42, 'LOW', NULL, 1, '2020-08-20 07:23:00', '2020-08-20 07:23:16'),
(820, 'APS200, APS210 access for Ali Hossain', 'APS200, APS210 access for Ali Hossain', 'Ali Hossain', 3, 1, 1, 41, 'LOW', NULL, 1, '2020-08-20 09:20:00', '2020-08-20 09:20:18'),
(821, 'Problem with Sophos update on Server', '1. Work with IT-Infra\r\n2.Install New KB Article manual and restart', 'Tanvir Rahim', 20, 1, 3, 5, 'LOW', NULL, 1, '2020-08-20 09:22:00', '2020-10-07 05:41:30'),
(822, 'Prepare MS Teams Roll-Out Plan', '1.  Get Active employee list from HR', 'Arifuzzaman', 20, 1, 6, 39, 'MEDIUM', NULL, 1, '2020-08-20 09:29:00', '2020-10-07 05:41:35'),
(823, 'SMS-Workopolo Training with CRM', '1. Test the solutions in SMS\r\n1. Tested with Vision Garments C0001450\r\n2. After customer fix, Sync completed\r\n2. Circulate Meeting Request\r\n3. Test MS Automate Flow', 'Shahrier Khaled', 8, 1, 2, 39, 'MEDIUM', NULL, 1, '2020-08-20 09:43:00', '2020-08-20 09:42:35'),
(824, 'Datawarehouse Job checking', NULL, 'Nesma Huda', 20, 3, 1, 22, 'LOW', NULL, 1, '2020-08-20 03:00:00', '2020-08-20 10:24:01'),
(825, 'Price File Updating', 'Price File Updating', 'Annatoma Islam', 4, 4, 1, 25, 'LOW', NULL, 1, '2020-08-20 11:26:00', '2020-08-20 11:25:53'),
(826, 'PIT File Error Checking', 'PIT File Error Checking', 'Annatoma Islam', 4, 4, 1, 5, 'LOW', NULL, 1, '2020-08-20 11:26:00', '2020-08-20 11:26:10'),
(827, 'CO unlock', 'CO unlock', 'Nazmul Hassan', 2, 4, 1, 5, 'LOW', NULL, 1, '2020-08-20 11:27:00', '2020-08-20 11:26:37'),
(828, 'CO unlock', 'CO unlock', 'Mohammad Bayazid Hossain', 5, 4, 1, 5, 'LOW', NULL, 1, '2020-08-20 11:27:00', '2020-08-20 11:27:00'),
(829, 'item price updating', 'item price updating', 'Kazi Golam Ruhul Shariful Islam', 1, 4, 1, 1, 'LOW', NULL, 1, '2020-08-20 11:28:00', '2020-08-20 11:27:19'),
(830, 'Item Creating', 'Item Creating', 'Kazi Golam Ruhul Shariful Islam', 1, 4, 1, 1, 'LOW', NULL, 1, '2020-08-20 11:28:00', '2020-08-20 11:27:40'),
(831, 'Item Creating', 'Item Creating', 'Syed Imam Zafar', 1, 4, 1, 1, 'LOW', NULL, 1, '2020-08-20 11:33:00', '2020-08-20 11:32:53'),
(832, 'Rental Revenue Cube', NULL, 'Shahriar ahmed', 14, 3, 1, 10, 'HIGH', NULL, 2, '2020-08-17 06:00:00', '2020-08-20 12:05:58'),
(833, 'SMS Training', NULL, 'Md. Shakawat Hossain', 6, 3, 2, 42, 'HIGH', NULL, 1, '2020-08-20 07:00:00', '2020-08-20 12:07:19'),
(834, 'Item Report with replacement indicator', NULL, 'Kazi Golam Ruhul Shariful Islam', 1, 3, 1, 10, 'HIGH', NULL, 1, '2020-08-20 09:00:00', '2020-08-20 12:08:14'),
(835, 'Item not syncing at sms', NULL, 'Jabun Nahar', 2, 3, 2, 5, 'LOW', NULL, 1, '2020-08-20 10:00:00', '2020-08-20 12:09:16'),
(836, 'Item not active at M3', NULL, 'Mashruf Ahmed Noman', 2, 3, 1, 42, 'LOW', NULL, 1, '2020-08-20 11:00:00', '2020-08-20 12:10:00'),
(837, 'Item Creating and Updating', 'Item Creating and Updating', 'Kazi Golam Ruhul Shariful Islam', 1, 4, 1, 1, 'LOW', NULL, 1, '2020-08-23 15:10:00', '2020-08-23 15:09:34'),
(838, 'CO unlock', 'CO unlock', 'Md. Saiful Alam Shabbir', 2, 4, 1, 5, 'LOW', NULL, 1, '2020-08-23 15:10:00', '2020-08-23 15:09:59'),
(839, 'Item Creating', 'Item Creating', 'azra quraishi', 2, 4, 1, 1, 'LOW', NULL, 1, '2020-08-23 15:11:00', '2020-08-23 15:10:18'),
(840, 'Item Creating', 'Item Creating', 'Arifur Rahman', 3, 4, 1, 1, 'LOW', NULL, 1, '2020-08-23 15:11:00', '2020-08-23 15:10:35'),
(841, 'Item Activation', 'Item Activation', 'Moshiur Rahman', 1, 4, 1, 1, 'LOW', NULL, 1, '2020-08-23 15:11:00', '2020-08-23 15:10:47'),
(842, 'Rental Part Activation', 'Rental Part Activation', 'Mohammad Harunur Rashid', 14, 4, 1, 1, 'LOW', NULL, 1, '2020-08-23 15:11:00', '2020-08-23 15:11:05'),
(843, 'Price File Updating', 'Price File Updating', 'Annatoma Islam', 4, 4, 1, 25, 'LOW', NULL, 1, '2020-08-23 15:12:00', '2020-08-23 15:11:19'),
(844, 'CO Unlock', 'CO unlock', 'Ashaduzzaman', 3, 1, 1, 30, 'MEDIUM', NULL, 1, '2020-08-24 09:00:00', '2020-08-24 09:54:44'),
(845, 'specific post', 'sdafdsf', 'Tanvir Rahim', 1, 1, 2, 1, 'HIGH', NULL, 1, '2020-08-24 09:56:00', '2020-08-24 09:55:39'),
(846, 'SOLVING PROBLEM IN PART NUMBER PRICING', 'SOLVING PROBLEM IN PART NUMBER PRICING', 'Sabib Hossain', 2, 4, 1, 5, 'LOW', NULL, 1, '2020-08-24 12:35:00', '2020-08-24 12:35:52'),
(847, 'Item Creating and Updating', 'Item Creating and Updating', 'Kazi Golam Ruhul Shariful Islam', 1, 4, 1, 1, 'LOW', NULL, 1, '2020-08-24 12:37:00', '2020-08-24 12:36:29'),
(848, 'SMS Problem Troubleshooting', 'SMS Problem Troubleshooting', 'Mustafizur Rahman -CTG', 6, 4, 2, 5, 'LOW', NULL, 1, '2020-08-24 12:38:00', '2020-08-24 12:37:38'),
(849, 'Teams Installation', 'Teams Installation', 'Machine Sales', 6, 4, 8, 35, 'LOW', NULL, 1, '2020-08-24 12:39:00', '2020-08-24 12:38:43'),
(850, 'Price File Updating', 'Price File Updating', 'Annatoma Islam', 4, 4, 1, 25, 'LOW', NULL, 1, '2020-08-24 12:43:00', '2020-08-24 12:42:17'),
(851, 'Price File Updating', 'Price File Updating', 'Annatoma Islam', 4, 4, 1, 25, 'LOW', NULL, 1, '2020-08-25 11:26:00', '2020-08-25 11:25:24'),
(852, 'SMS Install', 'SMS Install', 'FARHANA YEASMIN', 2, 4, 2, 35, 'LOW', NULL, 1, '2020-08-25 11:26:00', '2020-08-25 11:25:48'),
(853, 'Lawson Install', 'Lawson Install', 'FARHANA YEASMIN', 2, 4, 1, 35, 'LOW', NULL, 1, '2020-08-25 11:26:00', '2020-08-25 11:26:13'),
(854, 'SMS Install', 'SMS Install', 'Md. Sanzidul Islam Sani', 6, 4, 2, 35, 'LOW', NULL, 1, '2020-08-25 11:28:00', '2020-08-25 11:27:21'),
(855, 'Lawson install', 'Lawson install', 'Md. Sanzidul Islam Sani', 6, 4, 1, 35, 'LOW', NULL, 1, '2020-08-25 11:28:00', '2020-08-25 11:27:35'),
(856, 'Customer Address Updating In Lawson and SMS', 'Customer Address Updating In Lawson and SMS', 'Ali Rezwan Khan', 6, 4, 2, 1, 'LOW', NULL, 1, '2020-08-25 11:29:00', '2020-08-25 11:29:04'),
(857, 'Item Creating', 'Item Creating', 'Minhazul Bari Galib', 2, 4, 1, 1, 'LOW', NULL, 1, '2020-08-25 11:30:00', '2020-08-25 11:29:30'),
(858, 'PO link remove', 'PO link remove', 'Kazi Golam Ruhul Shariful Islam', 1, 4, 1, 5, 'LOW', NULL, 1, '2020-08-25 11:30:00', '2020-08-25 11:29:51'),
(859, 'SMS Problem Troubleshooting', 'SMS Problem Troubleshooting', 'Biswajit Saha', 2, 4, 2, 5, 'LOW', NULL, 1, '2020-08-25 11:30:00', '2020-08-25 11:30:14'),
(860, 'Teams Troubleshooting', 'Teams Troubleshooting', 'Khaled Reza', 1, 4, 8, 35, 'LOW', NULL, 1, '2020-08-25 11:31:00', '2020-08-25 11:30:57'),
(861, 'Item Activation', 'Item Activation', 'Ali Rezwan Khan', 6, 4, 1, 1, 'LOW', NULL, 1, '2020-08-25 11:32:00', '2020-08-25 11:31:24'),
(862, 'Price File Updating', 'Price File Updating', 'Annatoma Islam', 4, 4, 1, 25, 'LOW', NULL, 1, '2020-08-26 12:42:00', '2020-08-26 12:41:30'),
(863, 'Customer Information Updating', 'Customer Information Updating', 'Tahsin Zaman', 6, 4, 1, 1, 'LOW', NULL, 1, '2020-08-26 12:42:00', '2020-08-26 12:42:08'),
(864, 'Rental Part Activation', 'Rental Part Activation', 'Mohammad Harunur Rashid', 14, 4, 1, 1, 'LOW', NULL, 1, '2020-08-26 12:44:00', '2020-08-26 12:43:34'),
(865, 'Rental Part Activation', 'Rental Part Activation', 'Mohammad Harunur Rashid', 14, 4, 1, 1, 'LOW', NULL, 1, '2020-08-26 12:44:00', '2020-08-26 12:44:09'),
(866, 'Rental Part Activation', 'Rental Part Activation', 'Mohammad Harunur Rashid', 14, 4, 1, 1, 'LOW', NULL, 1, '2020-08-26 12:45:00', '2020-08-26 12:44:33'),
(867, 'Item Creating', 'Item Creating', 'Kazi Golam Ruhul Shariful Islam', 1, 4, 1, 1, 'LOW', NULL, 1, '2020-08-26 12:45:00', '2020-08-26 12:44:55'),
(868, 'Teams Installation', 'Teams Installation', 'LBA', 5, 4, 8, 35, 'LOW', NULL, 1, '2020-08-26 12:46:00', '2020-08-26 12:46:39'),
(869, 'Item status updating', 'Item status updating', 'Moshiur Rahman', 1, 4, 1, 1, 'LOW', NULL, 1, '2020-08-31 11:53:00', '2020-08-31 11:52:58'),
(870, 'Price File Updating', 'Price File Updating', 'Annatoma Islam', 4, 4, 1, 25, 'LOW', NULL, 1, '2020-08-31 11:54:00', '2020-08-31 11:53:37'),
(871, 'Item Creating', 'Item Creating', 'Abdullah Al Amin', 1, 4, 1, 1, 'LOW', NULL, 1, '2020-08-31 12:07:00', '2020-08-31 12:06:48'),
(872, 'Item status updating', 'Item status updating', 'Moshiur Rahman', 1, 4, 1, 1, 'LOW', NULL, 1, '2020-08-31 12:07:00', '2020-08-31 12:07:08'),
(873, 'Customer Industry Code Updating', 'Customer Industry Code Updating', 'Bazlur Rashid', 4, 4, 1, 1, 'LOW', NULL, 1, '2020-08-31 12:08:00', '2020-08-31 12:07:26'),
(874, 'Item Creating', 'Item Creating', 'Kazi Golam Ruhul Shariful Islam', 1, 4, 1, 1, 'LOW', NULL, 1, '2020-08-31 12:08:00', '2020-08-31 12:07:50'),
(875, 'Item Creating', 'Item Creating', 'Kazi Golam Ruhul Shariful Islam', 1, 4, 1, 1, 'LOW', NULL, 1, '2020-08-31 12:08:00', '2020-08-31 12:08:03'),
(876, 'Item Creating', 'Item Creating', 'Kazi Golam Ruhul Shariful Islam', 1, 4, 1, 1, 'LOW', NULL, 1, '2020-08-31 12:08:00', '2020-08-31 12:08:13'),
(877, 'Teams Installation', 'Teams Installation', 'psd', 2, 4, 8, 35, 'LOW', NULL, 1, '2020-08-31 12:09:00', '2020-08-31 12:08:35'),
(878, 'Price File Updating', 'Price File Updating', 'Annatoma Islam', 4, 4, 1, 25, 'LOW', NULL, 1, '2020-09-01 11:30:00', '2020-09-01 11:29:40'),
(879, 'Opportunity Delete', 'Opportunity Delete', 'azra quraishi', 2, 4, 2, 1, 'LOW', NULL, 1, '2020-09-01 11:30:00', '2020-09-01 11:30:02'),
(880, 'Teams Installation', 'Teams Installation', 'psm', 2, 4, 8, 35, 'LOW', NULL, 1, '2020-09-01 11:31:00', '2020-09-01 11:30:22'),
(881, 'credit note with wrong value', 'credit note with wrong value', 'shafiul azam', 3, 2, 1, 5, 'MEDIUM', NULL, 1, '2020-08-31 08:49:00', '2020-09-02 08:49:22'),
(882, 'mms120 allocation issue', 'mms120 allocation issue', 'nowshad arefin', 1, 2, 1, 1, 'LOW', NULL, 1, '2020-08-31 08:51:00', '2020-09-02 08:50:37'),
(883, 'remove allocation', NULL, 'moshiur rahman', 1, 2, 1, 1, 'LOW', NULL, 1, '2020-08-28 08:53:00', '2020-09-02 08:52:51'),
(884, 'allocation issue', NULL, 'mrenal hossain', 1, 2, 1, 5, 'LOW', NULL, 1, '2020-08-28 09:03:00', '2020-09-02 09:02:57'),
(885, 'Price File Updating', 'Price File Updating', 'Annatoma Islam', 4, 4, 1, 25, 'LOW', NULL, 1, '2020-09-02 12:41:00', '2020-09-02 12:42:25'),
(886, 'Teams Installation', 'Teams Installation', 'Rental', 14, 4, 8, 35, 'LOW', NULL, 1, '2020-09-02 12:43:00', '2020-09-02 12:42:48'),
(887, 'Item Creating', 'Item Creating', 'Kazi Golam Ruhul Shariful Islam', 1, 4, 1, 1, 'LOW', NULL, 1, '2020-09-02 12:43:00', '2020-09-02 12:43:04'),
(888, 'Customer Information Updating', 'Customer Information Updating', 'azra quraishi', 2, 4, 2, 1, 'LOW', NULL, 1, '2020-09-02 12:44:00', '2020-09-02 12:43:31'),
(889, 'Customer Deletion', 'Customer Deletion', 'azra quraishi', 2, 4, 2, 1, 'LOW', NULL, 1, '2020-09-02 12:44:00', '2020-09-02 12:43:55'),
(890, 'Item Activation', 'Item Activation', 'Kazi Golam Ruhul Shariful Islam', 1, 4, 1, 1, 'LOW', NULL, 1, '2020-09-02 12:44:00', '2020-09-02 12:44:19'),
(891, 'Reman Item Creating', 'Reman Item Creating', 'Mamun Hoque', 1, 4, 1, 1, 'LOW', NULL, 1, '2020-09-02 12:45:00', '2020-09-02 12:44:37'),
(892, 'SMS installation', 'SMS installation', 'Shayla Sharmin', 8, 4, 2, 1, 'LOW', NULL, 1, '2020-09-02 12:47:00', '2020-09-02 12:46:37'),
(893, 'Price File Updating', 'Price File Updating', 'Annatoma Islam', 4, 4, 1, 25, 'LOW', NULL, 1, '2020-09-03 11:48:00', '2020-09-03 11:47:58'),
(894, 'Teams Installation', 'Teams Installation', 'rental and allied', 14, 4, 8, 35, 'LOW', NULL, 1, '2020-09-03 11:49:00', '2020-09-03 11:48:25'),
(895, 'Release Problem', 'Release Problem', 'Biswajit Saha - Service Operation', 12, 4, 1, 5, 'LOW', NULL, 1, '2020-09-03 11:49:00', '2020-09-03 11:48:51'),
(896, 'Item Creating', 'Item Creating', 'Kazi Golam Ruhul Shariful Islam', 1, 4, 1, 1, 'LOW', NULL, 1, '2020-09-03 11:49:00', '2020-09-03 11:49:05'),
(897, 'SMS installation', 'SMS installation', 'Saddam Hossain', 6, 4, 2, 35, 'LOW', NULL, 1, '2020-09-03 11:50:00', '2020-09-03 11:49:39'),
(898, 'Price File Updating', 'Price File Updating', 'Annatoma Islam', 4, 4, 1, 25, 'LOW', NULL, 1, '2020-09-06 12:43:00', '2020-09-06 12:42:27'),
(899, 'item price updating', 'item price updating', 'Kazi Golam Ruhul Shariful Islam', 1, 4, 1, 1, 'LOW', NULL, 1, '2020-09-06 12:43:00', '2020-09-06 12:42:52'),
(900, 'CO unlock', 'CO unlock', 'Biswajit Saha', 12, 4, 1, 5, 'LOW', NULL, 1, '2020-09-06 12:43:00', '2020-09-06 12:43:10'),
(901, 'Item Creating', 'Item Creating', 'Kazi Golam Ruhul Shariful Islam', 1, 4, 1, 1, 'LOW', NULL, 1, '2020-09-06 12:44:00', '2020-09-06 12:43:46'),
(902, 'CO unlock', 'CO unlock', 'Nazmul Hassan', 2, 4, 1, 5, 'LOW', NULL, 1, '2020-09-06 12:44:00', '2020-09-06 12:44:09'),
(903, 'item price updating', 'item price updating', 'Kazi Golam Ruhul Shariful Islam', 1, 4, 1, 1, 'LOW', NULL, 1, '2020-09-06 12:45:00', '2020-09-06 12:44:47'),
(904, 'Item Creating', 'Item Creating', 'Rumana Akter', 3, 4, 1, 1, 'LOW', NULL, 1, '2020-09-06 12:46:00', '2020-09-06 12:45:23'),
(905, 'item price updating', 'item price updating', 'Kazi Golam Ruhul Shariful Islam', 1, 4, 1, 1, 'LOW', NULL, 1, '2020-09-06 12:46:00', '2020-09-06 12:45:51'),
(906, 'Teams Installation', 'Teams Installation', 'Allied', 7, 4, 8, 35, 'LOW', NULL, 1, '2020-09-06 12:47:00', '2020-09-06 12:46:35'),
(907, 'Customer Name Updating', 'Customer Name Updating', 'azra quraishi', 2, 4, 1, 1, 'LOW', NULL, 1, '2020-09-07 14:03:00', '2020-09-07 14:02:22'),
(908, 'Customer Name Updating', 'Customer Name Updating', 'azra quraishi', 2, 4, 1, 1, 'LOW', NULL, 1, '2020-09-07 14:03:00', '2020-09-07 14:02:31'),
(909, 'Item Creating', 'Item Creating', 'Kazi Golam Ruhul Shariful Islam', 1, 4, 1, 1, 'LOW', NULL, 1, '2020-09-07 14:03:00', '2020-09-07 14:02:58'),
(910, 'Item Creating', 'Item Creating', 'Kazi Golam Ruhul Shariful Islam', 1, 4, 1, 1, 'LOW', NULL, 1, '2020-09-07 14:03:00', '2020-09-07 14:03:06'),
(911, 'Item Creating', 'Item Creating', 'Kazi Golam Ruhul Shariful Islam', 1, 4, 1, 1, 'LOW', NULL, 1, '2020-09-07 14:04:00', '2020-09-07 14:03:14'),
(912, 'Item Activation', 'Item Activation', 'Mohammad Harunur Rashid', 14, 4, 1, 1, 'LOW', NULL, 1, '2020-09-07 14:04:00', '2020-09-07 14:03:28'),
(913, 'Item Activation', 'Item Activation', 'Mohammad Harunur Rashid', 1, 4, 1, 1, 'LOW', NULL, 1, '2020-09-07 14:04:00', '2020-09-07 14:03:37'),
(914, 'Teams Installation', 'Teams Installation', 'CRM', 1, 4, 8, 35, 'LOW', NULL, 1, '2020-09-07 14:04:00', '2020-09-07 14:04:07'),
(915, 'Teams Installation', 'Teams Installation', 'EPSD', 6, 4, 8, 35, 'LOW', NULL, 1, '2020-09-07 14:05:00', '2020-09-07 14:04:58'),
(916, 'Price File Updating', 'Price File Updating', 'Annatoma Islam', 4, 4, 1, 25, 'LOW', NULL, 1, '2020-09-08 11:27:00', '2020-09-08 11:26:16'),
(917, 'Reman Item Creating', 'Reman Item Creating', 'Mamun Hoque', 1, 4, 1, 1, 'LOW', NULL, 1, '2020-09-08 11:27:00', '2020-09-08 11:26:30'),
(918, 'Item Updating', 'Item Updating', 'Kazi Golam Ruhul Shariful Islam', 1, 4, 1, 1, 'LOW', NULL, 1, '2020-09-08 11:27:00', '2020-09-08 11:26:43'),
(919, 'Item Creating', 'Item Creating', 'Minhazul Bari Galib', 2, 4, 1, 1, 'LOW', NULL, 1, '2020-09-08 11:27:00', '2020-09-08 11:26:59'),
(920, 'Teams Installation', 'Teams Installation', 'CRM', 8, 4, 8, 35, 'LOW', NULL, 1, '2020-09-08 11:28:00', '2020-09-08 11:27:20'),
(921, 'Teams Installation', 'Teams Installation', 'epsd', 6, 4, 8, 35, 'LOW', NULL, 1, '2020-09-08 11:28:00', '2020-09-08 11:27:35'),
(922, 'Item Creating', 'Item Creating', 'Abdullah Al Amin', 1, 4, 1, 1, 'LOW', NULL, 1, '2020-09-08 11:36:00', '2020-09-08 11:36:00'),
(923, 'Price File Updating', 'Price File Updating', 'Annatoma Islam', 4, 4, 1, 25, 'LOW', NULL, 1, '2020-09-09 12:15:00', '2020-09-09 12:14:36'),
(924, 'Teams Installation', 'Teams Installation', 'EPSD', 6, 4, 8, 35, 'LOW', NULL, 1, '2020-09-09 12:16:00', '2020-09-09 12:15:37'),
(925, 'Price file Updating', 'Price file Updating', 'Annatoma Islam', 20, 4, 1, 25, 'LOW', NULL, 1, '2020-09-10 15:28:00', '2020-09-10 15:27:32'),
(926, 'PIT File Error Checking', 'PIT File Error Checking', 'Annatoma Islam', 20, 4, 1, 25, 'LOW', NULL, 1, '2020-09-10 15:28:00', '2020-09-10 15:27:57'),
(927, 'Item status updating', 'Item status updating', 'Annatoma Islam', 20, 4, 1, 1, 'LOW', NULL, 1, '2020-09-10 15:29:00', '2020-09-10 15:28:19'),
(928, 'Teams Installation', 'Teams Installation', 'EPSD', 6, 4, 8, 35, 'LOW', NULL, 1, '2020-09-10 15:29:00', '2020-09-10 15:29:07'),
(929, 'SMS installation', 'SMS installation', 'Rakibul Islam', 6, 4, 2, 35, 'LOW', NULL, 1, '2020-09-10 15:30:00', '2020-09-10 15:29:40'),
(930, 'Customer Information Updating', 'Customer Information Updating', 'azra quraishi', 2, 4, 2, 1, 'LOW', NULL, 1, '2020-09-10 15:30:00', '2020-09-10 15:30:06'),
(931, 'Price File Updating', 'Price File Updating', 'Annatoma Islam', 20, 4, 1, 25, 'LOW', NULL, 1, '2020-09-13 02:43:00', '2020-09-14 02:42:33'),
(932, 'Item Creating', 'Item Creating', 'Kazi Golam Ruhul Shariful Islam', 1, 4, 1, 1, 'LOW', NULL, 1, '2020-09-13 02:43:00', '2020-09-14 02:42:48'),
(933, 'Item Updating', 'Item Updating', 'Kazi Golam Ruhul Shariful Islam', 1, 4, 1, 1, 'LOW', NULL, 1, '2020-09-13 02:43:00', '2020-09-14 02:42:59'),
(934, 'Item Updating', 'Item Updating', 'Kazi Golam Ruhul Shariful Islam', 1, 4, 1, 1, 'LOW', NULL, 1, '2020-09-13 02:43:00', '2020-09-14 02:43:13'),
(935, 'Customer Cretaing', 'Customer Cretaing', 'Tanisha Tabassum', 14, 4, 2, 1, 'LOW', NULL, 1, '2020-09-13 02:44:00', '2020-09-14 02:43:50'),
(936, 'CO unlock', 'CO unlock', 'Sabib Hossain', 2, 4, 1, 5, 'LOW', NULL, 1, '2020-09-13 02:44:00', '2020-09-14 02:44:10'),
(937, 'CO unlock', 'CO unlock', 'Sabib Hossain', 2, 4, 1, 5, 'LOW', NULL, 1, '2020-09-13 02:45:00', '2020-09-14 02:44:32'),
(938, 'Costing model updating', 'Costing model updating', 'Arifur Rahman', 3, 4, 1, 1, 'LOW', NULL, 1, '2020-09-13 02:45:00', '2020-09-14 02:44:53'),
(939, 'Costing model updating', 'Costing model updating', 'Arifur Rahman', 3, 4, 1, 1, 'LOW', NULL, 1, '2020-09-13 02:45:00', '2020-09-14 02:45:02'),
(940, 'Costing model updating', 'Costing model updating', 'Arifur Rahman', 3, 4, 1, 1, 'LOW', NULL, 1, '2020-09-13 02:45:00', '2020-09-14 02:45:12'),
(941, 'Item Deactivating', 'Item Deactivating', 'Nowshad Shamsul Arefin', 1, 4, 1, 1, 'LOW', NULL, 1, '2020-09-13 02:46:00', '2020-09-14 02:45:30'),
(942, 'Teams Installation', 'Teams Installation', 'ppd and psm', 2, 4, 8, 35, 'LOW', NULL, 1, '2020-09-13 02:46:00', '2020-09-14 02:46:02'),
(943, 'SMS installation', 'SMS installation', 'Torunima Islam', 8, 4, 2, 35, 'LOW', NULL, 1, '2020-09-13 02:47:00', '2020-09-14 02:46:59'),
(944, 'M3 Install', 'M3 Install', 'Torunima Islam', 8, 4, 1, 35, 'LOW', NULL, 1, '2020-09-13 02:51:00', '2020-09-14 02:50:20'),
(945, 'Item Creating', 'Item Creating', 'Kazi Golam Ruhul Shariful Islam', 1, 4, 1, 1, 'LOW', NULL, 1, '2020-09-14 11:17:00', '2020-09-14 11:16:49'),
(946, 'Teams Installation', 'Teams Installation', 'finance', 3, 4, 8, 35, 'LOW', NULL, 1, '2020-09-14 11:18:00', '2020-09-14 11:17:17'),
(947, 'Teams Installation', 'Teams Installation', 'HR', 10, 4, 8, 35, 'LOW', NULL, 1, '2020-09-14 11:18:00', '2020-09-14 11:17:38'),
(948, 'Customer Information Updating', 'Customer Information Updating', 'azra quraishi', 2, 4, 2, 1, 'LOW', NULL, 1, '2020-09-14 11:19:00', '2020-09-14 11:18:24'),
(949, 'Item Creating', 'Item Creating', 'Moshiur Rahman', 1, 4, 1, 1, 'LOW', NULL, 1, '2020-09-14 11:19:00', '2020-09-14 11:18:35'),
(950, 'Price File Updating', 'Price File Updating', 'Annatoma Islam', 20, 4, 1, 25, 'LOW', NULL, 1, '2020-09-15 11:28:00', '2020-09-15 11:27:47'),
(951, 'Teams Installation', 'Teams Installation', 'HR', 10, 4, 8, 35, 'LOW', NULL, 1, '2020-09-15 11:28:00', '2020-09-15 11:28:08'),
(952, 'Teams Installation', 'Teams Installation', 'marine', 9, 4, 8, 35, 'LOW', NULL, 1, '2020-09-15 11:29:00', '2020-09-15 11:28:21'),
(953, 'Customer Salesperson updating', 'Customer Salesperson updating', 'Bazlur Rashid', 20, 4, 1, 1, 'LOW', NULL, 1, '2020-09-15 11:29:00', '2020-09-15 11:28:42'),
(954, 'CO unlock', 'CO unlock', 'Kazi Golam Ruhul Shariful Islam', 1, 4, 1, 1, 'LOW', NULL, 1, '2020-09-15 11:29:00', '2020-09-15 11:29:01'),
(955, 'Customer Information Updating', 'Customer Information Updating', 'Md. Tariful Islam', 2, 4, 2, 1, 'LOW', NULL, 1, '2020-09-15 11:30:00', '2020-09-15 11:29:26'),
(956, 'Release Problem', 'Release Problem', 'Biswajit Saha - Service Operation', 12, 4, 1, 1, 'LOW', NULL, 1, '2020-09-15 11:30:00', '2020-09-15 11:29:52'),
(957, 'Item Creating', 'Item Creating', 'Moshiur Rahman', 1, 4, 1, 1, 'LOW', NULL, 1, '2020-09-15 11:30:00', '2020-09-15 11:30:06'),
(958, 'Price File Updating', 'Price File Updating', 'Annatoma Islam', 20, 4, 1, 25, 'LOW', NULL, 1, '2020-09-16 12:37:00', '2020-09-16 12:37:03'),
(959, 'Teams Installation', 'Teams Installation', 'finance', 3, 4, 8, 35, 'LOW', NULL, 1, '2020-09-16 12:38:00', '2020-09-16 12:37:24'),
(960, 'CO unlock', 'CO unlock', 'Md. Mahmudul Islam', 1, 4, 1, 5, 'LOW', NULL, 1, '2020-09-16 12:38:00', '2020-09-16 12:38:03'),
(961, 'DO Unlock', 'DO Unlock', 'Md. Mahmudul Islam', 1, 4, 1, 5, 'LOW', NULL, 1, '2020-09-16 12:39:00', '2020-09-16 12:38:18'),
(962, 'CO unlock', 'CO unlock', 'Muhammad Ramjan Ali', 2, 4, 1, 5, 'LOW', NULL, 1, '2020-09-16 12:39:00', '2020-09-16 12:38:55'),
(963, 'Customer Information Updating', 'Customer Information Updating', 'azra quraishi', 2, 4, 2, 1, 'LOW', NULL, 1, '2020-09-16 12:40:00', '2020-09-16 12:39:31'),
(964, 'Item Creating', 'Item Creating', 'Kazi Golam Ruhul Shariful Islam', 1, 4, 1, 1, 'LOW', NULL, 1, '2020-09-16 12:40:00', '2020-09-16 12:39:49'),
(965, 'Price File Updating', 'Price File Updating', 'Annatoma Islam', 20, 4, 1, 25, 'LOW', NULL, 1, '2020-09-17 11:34:00', '2020-09-17 11:34:03'),
(966, 'Item Creating', 'Item Creating', 'Kazi Golam Ruhul Shariful Islam', 1, 4, 1, 1, 'LOW', NULL, 1, '2020-09-17 11:35:00', '2020-09-17 11:34:15'),
(967, 'Item Creating', 'Item Creating', 'Arifur Rahman', 3, 4, 1, 1, 'LOW', NULL, 1, '2020-09-17 11:35:00', '2020-09-17 11:34:31'),
(968, 'Teams Installation', 'Teams Installation', 'finance', 3, 4, 8, 35, 'LOW', NULL, 1, '2020-09-17 11:35:00', '2020-09-17 11:34:53'),
(969, 'Teams Installation', 'Teams Installation', 'PSD - E&T', 2, 4, 8, 35, 'LOW', NULL, 1, '2020-09-17 11:35:00', '2020-09-17 11:35:10'),
(970, 'PIT File Error Checking', 'PIT File Error Checking', 'Annatoma Islam', 20, 4, 1, 5, 'LOW', NULL, 1, '2020-09-17 11:36:00', '2020-09-17 11:35:39'),
(971, 'Item status updating', 'Item status updating', 'Annatoma Islam', 20, 4, 1, 1, 'LOW', NULL, 1, '2020-09-17 11:36:00', '2020-09-17 11:35:53'),
(972, 'Price File Updating', 'Price File Updating', 'Annatoma Islam', 20, 4, 1, 25, 'LOW', NULL, 1, '2020-09-20 12:00:00', '2020-09-20 11:59:59'),
(973, 'Teams Installation', 'Teams Installation', 'PSD (ET)', 2, 4, 8, 35, 'LOW', NULL, 1, '2020-09-20 12:01:00', '2020-09-20 12:00:24'),
(974, 'Item Creating', 'Item Creating', 'Mamun Hoque', 1, 4, 1, 1, 'LOW', NULL, 1, '2020-09-20 12:01:00', '2020-09-20 12:00:41'),
(975, 'CO unlock', 'CO unlock', 'Md. Sanwar Zahan Rontu', 2, 4, 1, 1, 'LOW', NULL, 1, '2020-09-20 12:01:00', '2020-09-20 12:00:52'),
(976, 'Item Creating', 'Item Creating', 'Kazi Golam Ruhul Shariful Islam', 1, 4, 1, 1, 'LOW', NULL, 1, '2020-09-20 12:01:00', '2020-09-20 12:01:03'),
(977, 'SMS installation', 'SMS installation', 'Muhammad Ramjan Ali', 2, 4, 2, 35, 'LOW', NULL, 1, '2020-09-20 11:00:00', '2020-09-21 02:55:16'),
(978, 'Teams Installation', 'Teams Installation', 'CPU', 13, 4, 8, 35, 'LOW', NULL, 1, '2020-09-21 11:51:00', '2020-09-21 11:50:32'),
(979, 'Item Price Updating', 'Item Price Updating', 'Kazi Golam Ruhul Shariful Islam', 1, 4, 1, 1, 'LOW', NULL, 1, '2020-09-21 11:51:00', '2020-09-21 11:50:47'),
(980, 'CO unlock', 'CO unlock', 'Mohammad Bayazid Hossain', 5, 4, 1, 5, 'LOW', NULL, 1, '2020-09-21 11:51:00', '2020-09-21 11:51:15'),
(981, 'CO unlock', 'CO unlock', 'Muhammad Ramjan Ali', 2, 4, 1, 5, 'LOW', NULL, 1, '2020-09-21 11:52:00', '2020-09-21 11:51:28'),
(982, 'CO unlock', 'CO unlock', 'Obaidur Rahman', 2, 4, 1, 5, 'LOW', NULL, 1, '2020-09-21 11:52:00', '2020-09-21 11:51:48'),
(983, 'Item Updating', 'Item Updating', 'Kazi Golam Ruhul Shariful Islam', 1, 4, 1, 1, 'LOW', NULL, 1, '2020-09-21 11:52:00', '2020-09-21 11:52:00'),
(984, 'Price File Updating', 'Price File Updating', 'Annatoma Islam', 20, 4, 1, 25, 'LOW', NULL, 1, '2020-09-22 11:57:00', '2020-09-22 11:56:43'),
(985, 'DO Unlock', 'DO Unlock', 'Md. Mrenal Hossain', 1, 4, 1, 1, 'LOW', NULL, 1, '2020-09-22 11:57:00', '2020-09-22 11:57:10'),
(986, 'Teams Installation', 'Teams Installation', 'GBM', 19, 4, 8, 35, 'LOW', NULL, 1, '2020-09-22 11:58:00', '2020-09-22 11:58:07'),
(987, 'Price File Updating', 'Price File Updating', 'Annatoma Islam', 20, 4, 1, 25, 'LOW', NULL, 1, '2020-09-23 13:38:00', '2020-09-23 13:37:55'),
(988, 'CO unlock', 'CO unlock', 'Khondokar Ahamad Ullah Mohid', 5, 4, 1, 5, 'LOW', NULL, 1, '2020-09-23 13:39:00', '2020-09-23 13:38:22'),
(989, 'Teams Installation', 'Teams Installation', 'admin', 11, 4, 8, 35, 'LOW', NULL, 1, '2020-09-23 13:39:00', '2020-09-23 13:38:39'),
(990, 'Customer Creating', 'Customer Creating', 'Golam Sarwar - SCM', 1, 4, 1, 1, 'LOW', NULL, 1, '2020-09-23 13:40:00', '2020-09-23 13:39:18'),
(991, 'Customer Creating', 'Customer Creating', 'Golam Sarwar - SCM', 1, 4, 2, 1, 'LOW', NULL, 1, '2020-09-23 13:40:00', '2020-09-23 13:39:41'),
(992, 'Item Creating', 'Item Creating', 'Zakaria Ahmed', 7, 4, 1, 1, 'LOW', NULL, 1, '2020-09-23 13:43:00', '2020-09-23 13:42:25'),
(993, 'Item Updating', 'Item Updating', 'Moshiur Rahman', 1, 4, 1, 1, 'LOW', NULL, 1, '2020-09-23 13:43:00', '2020-09-23 13:42:43'),
(994, 'Price File Updating', 'Price File Updating', 'Annatoma Islam', 20, 4, 1, 25, 'LOW', NULL, 1, '2020-09-24 16:20:00', '2020-09-24 16:27:44'),
(995, 'PIT File Error Checking', 'PIT File Error Checking', 'Annatoma Islam', 20, 4, 1, 5, 'LOW', NULL, 1, '2020-09-24 16:28:00', '2020-09-24 16:28:01'),
(996, 'Teams Installation', 'Teams Installation', 'admin', 11, 4, 8, 35, 'LOW', NULL, 1, '2020-09-24 16:29:00', '2020-09-24 16:28:21'),
(997, 'Lawson Install', 'Lawson Install', 'Meer Sajed Billah', 5, 4, 1, 35, 'LOW', NULL, 1, '2020-09-24 16:29:00', '2020-09-24 16:28:38'),
(998, 'SMS installation', 'SMS installation', 'Nazmul Hassan', 2, 4, 2, 35, 'LOW', NULL, 1, '2020-09-24 16:29:00', '2020-09-24 16:28:55'),
(999, 'Item Activation', 'Item Activation', 'Kazi Golam Ruhul Shariful Islam', 1, 4, 1, 1, 'LOW', NULL, 1, '2020-09-24 16:30:00', '2020-09-24 16:29:24'),
(1000, 'Rental Part Activation', 'Rental Part Activation', 'Mohammad Harunur Rashid', 14, 4, 1, 1, 'LOW', NULL, 1, '2020-09-24 16:30:00', '2020-09-24 16:29:37'),
(1001, 'Rental Part Activation', 'Rental Part Activation', 'Mohammad Harunur Rashid', 14, 4, 1, 1, 'LOW', NULL, 1, '2020-09-24 16:30:00', '2020-09-24 16:29:52'),
(1002, 'Item Creating', 'Item Creating', 'Kazi Golam Ruhul Shariful Islam', 1, 4, 1, 1, 'LOW', NULL, 1, '2020-09-24 16:30:00', '2020-09-24 16:30:11'),
(1003, 'Item Creating', 'Item Creating', 'Kazi Golam Ruhul Shariful Islam', 1, 4, 1, 1, 'LOW', NULL, 1, '2020-09-24 16:31:00', '2020-09-24 16:30:21'),
(1004, 'Item Updating', 'Item Updating', 'Moshiur Rahman', 1, 4, 1, 1, 'LOW', NULL, 1, '2020-09-24 16:31:00', '2020-09-24 16:30:34'),
(1005, 'Price File Updating', 'Price File Updating', 'Annatoma Islam', 20, 4, 1, 1, 'LOW', NULL, 1, '2020-10-05 12:24:00', '2020-10-05 12:23:56'),
(1006, 'Item Updating', 'Item Updating', 'Kazi Golam Ruhul Shariful Islam', 1, 4, 1, 1, 'LOW', NULL, 1, '2020-10-05 12:24:00', '2020-10-05 12:24:13'),
(1007, 'Item Updating', 'Item Updating', 'Kazi Golam Ruhul Shariful Islam', 1, 4, 1, 1, 'LOW', NULL, 1, '2020-10-05 12:25:00', '2020-10-05 12:24:22'),
(1008, 'CO unlock', 'CO unlock', 'Abu Talha', 2, 4, 1, 5, 'LOW', NULL, 1, '2020-10-05 12:25:00', '2020-10-05 12:24:40'),
(1009, 'Item Creating', 'Item Creating', 'Kazi Golam Ruhul Shariful Islam', 1, 4, 1, 1, 'LOW', NULL, 1, '2020-10-05 12:25:00', '2020-10-05 12:24:54'),
(1010, 'item price updating', 'item price updating', 'Moshiur Rahman', 1, 4, 1, 1, 'LOW', NULL, 1, '2020-10-05 12:25:00', '2020-10-05 12:25:09'),
(1011, 'Order link removing', 'Order link removing', 'Moshiur Rahman', 1, 4, 1, 1, 'LOW', NULL, 1, '2020-10-05 12:26:00', '2020-10-05 12:25:28'),
(1012, 'Order link removing', 'Order link removing', 'Moshiur Rahman', 1, 4, 1, 1, 'LOW', NULL, 1, '2020-10-05 12:26:00', '2020-10-05 12:25:38'),
(1013, 'CO unlock', 'CO unlock', 'Nowshad Shamsul Arefin', 1, 4, 1, 1, 'LOW', NULL, 1, '2020-10-05 12:26:00', '2020-10-05 12:25:50');
INSERT INTO `tickets` (`id`, `name`, `description`, `raised_by`, `division_id`, `user_id`, `system_id`, `category_id`, `severity`, `severity_comments`, `statuses_id`, `created_at`, `updated_at`) VALUES
(1014, 'Item Activation', 'Item Activation', 'Kazi Golam Ruhul Shariful Islam', 1, 4, 1, 1, 'LOW', NULL, 1, '2020-10-04 12:26:00', '2020-10-05 12:26:14'),
(1015, 'Item Activation', 'Item Activation', 'Moshiur Rahman', 1, 4, 1, 1, 'LOW', NULL, 1, '2020-10-04 12:27:00', '2020-10-05 12:26:26'),
(1016, 'Costing model updating', 'Costing model updating', 'Arifur Rahman', 3, 4, 1, 1, 'LOW', NULL, 1, '2020-10-05 12:27:00', '2020-10-05 12:26:40'),
(1017, 'Teams Installation', 'Teams Installation', 'S.M. Jobair', 2, 4, 8, 35, 'LOW', NULL, 1, '2020-10-04 12:28:00', '2020-10-05 12:28:00'),
(1018, 'Teams Installation', 'Teams Installation', 'Rezaur Rahman', 6, 4, 8, 35, 'LOW', NULL, 1, '2020-10-05 12:29:00', '2020-10-05 12:28:33'),
(1019, 'Price File Updating', 'Price File Updating', 'Annatoma Islam', 20, 4, 1, 1, 'LOW', NULL, 1, '2020-10-04 12:29:00', '2020-10-05 12:28:52'),
(1020, 'Price file Gathering', 'Price file Gathering', 'Annatoma Islam', 20, 4, 1, 1, 'LOW', NULL, 1, '2020-10-01 03:21:00', '2020-10-06 03:20:27'),
(1021, 'Item Creating', 'Item Creating', 'Kazi Golam Ruhul Shariful Islam', 1, 4, 1, 1, 'LOW', NULL, 1, '2020-10-01 03:21:00', '2020-10-06 03:20:40'),
(1022, 'CO unlock', 'CO unlock', 'Sabib Hossain', 2, 4, 1, 5, 'LOW', NULL, 1, '2020-10-01 03:21:00', '2020-10-06 03:20:55'),
(1023, 'Customer Name Updating', 'Customer Name Updating', 'Annatoma Islam', 20, 4, 2, 1, 'LOW', NULL, 1, '2020-10-01 03:22:00', '2020-10-06 03:21:20'),
(1024, 'Customer Name Updating', 'Customer Name Updating', 'azra quraishi', 2, 4, 2, 1, 'LOW', NULL, 1, '2020-09-27 03:22:00', '2020-10-06 03:22:02'),
(1025, 'CO unlock', 'CO unlock', 'Md. Anarul Islam Sohel', 5, 4, 1, 5, 'LOW', NULL, 1, '2020-09-27 03:23:00', '2020-10-06 03:22:34'),
(1026, 'Customer Name Updating', 'Customer Name Updating', 'Abu Talha', 2, 4, 2, 1, 'LOW', NULL, 1, '2020-09-27 03:23:00', '2020-10-06 03:23:06'),
(1027, 'Release Problem', 'Release Problem', 'Biswajit Saha', 12, 4, 1, 5, 'LOW', NULL, 1, '2020-09-27 03:24:00', '2020-10-06 03:23:32'),
(1028, 'Item Creating', 'Item Creating', 'Abdullah Al Amin', 1, 4, 1, 1, 'LOW', NULL, 1, '2020-09-27 03:24:00', '2020-10-06 03:23:59'),
(1029, 'CO unlock', 'CO unlock', 'Sabib Hossain', 2, 4, 1, 5, 'LOW', NULL, 1, '2020-09-27 03:25:00', '2020-10-06 03:24:18'),
(1030, 'CO unlock', 'CO unlock', 'Nowshad Shamsul Arefin', 1, 4, 1, 1, 'LOW', NULL, 1, '2020-09-27 03:25:00', '2020-10-06 03:24:28'),
(1031, 'Item Creating', 'Item Creating', 'Kazi Golam Ruhul Shariful Islam', 1, 4, 1, 1, 'LOW', NULL, 1, '2020-09-27 03:25:00', '2020-10-06 03:24:50'),
(1032, 'Rental Part Activation', 'Rental Part Activation', 'Mohammad Harunur Rashid', 14, 4, 1, 1, 'LOW', NULL, 1, '2020-09-27 03:25:00', '2020-10-06 03:25:06'),
(1033, 'Rental Part Activation', 'Rental Part Activation', 'Mohammad Harunur Rashid', 14, 4, 1, 1, 'LOW', NULL, 1, '2020-09-27 03:26:00', '2020-10-06 03:25:17'),
(1034, 'Rental Part Activation', 'Rental Part Activation', 'Mohammad Harunur Rashid', 14, 4, 1, 1, 'LOW', NULL, 1, '2020-09-27 03:26:00', '2020-10-06 03:25:28'),
(1035, 'CO unlock', 'CO unlock', 'Abu Talha', 2, 4, 1, 5, 'LOW', NULL, 1, '2020-09-28 03:27:00', '2020-10-06 03:27:21'),
(1036, 'Item Creating', 'Item Creating', 'Arifur Rahman', 3, 4, 1, 1, 'LOW', NULL, 1, '2020-09-28 03:31:00', '2020-10-06 03:31:24'),
(1037, 'Item Updating', 'Item Updating', 'Kazi Golam Ruhul Shariful Islam', 1, 4, 1, 1, 'LOW', NULL, 1, '2020-09-28 03:33:00', '2020-10-06 03:33:01'),
(1038, 'Release Problem', 'Release Problem', 'Biswajit Saha', 12, 4, 1, 5, 'LOW', NULL, 1, '2020-09-28 03:36:00', '2020-10-06 03:35:27'),
(1039, 'Item Creating', 'Item Creating', 'Kazi Golam Ruhul Shariful Islam', 1, 4, 1, 1, 'LOW', NULL, 1, '2020-09-28 03:38:00', '2020-10-06 03:37:15'),
(1040, 'Item Creating', 'Item Creating', 'Moshiur Rahman', 1, 4, 1, 1, 'LOW', NULL, 1, '2020-09-28 03:38:00', '2020-10-06 03:37:28'),
(1041, 'Order link removing', 'Order link removing', 'Moshiur Rahman', 1, 4, 1, 1, 'LOW', NULL, 1, '2020-09-28 03:38:00', '2020-10-06 03:37:45'),
(1042, 'Item Creating', 'Item Creating', 'Asman Tarofder Asharza', 14, 4, 1, 1, 'LOW', NULL, 1, '2020-09-28 03:38:00', '2020-10-06 03:38:08'),
(1043, 'Item Activation', 'Item Activation', 'Kazi Golam Ruhul Shariful Islam', 1, 4, 1, 1, 'LOW', NULL, 1, '2020-09-28 03:39:00', '2020-10-06 03:38:24'),
(1044, 'Item Creating', 'Item Creating', 'Kazi Golam Ruhul Shariful Islam', 1, 4, 1, 1, 'LOW', NULL, 1, '2020-09-29 04:23:00', '2020-10-06 04:22:32'),
(1045, 'Order link removing', 'Order link removing', 'Moshiur Rahman', 1, 4, 1, 1, 'LOW', NULL, 1, '2020-09-29 04:23:00', '2020-10-06 04:22:48'),
(1046, 'CO unlock', 'CO unlock', 'Md. Salauddin Mintu', 2, 4, 1, 5, 'LOW', NULL, 1, '2020-09-29 04:25:00', '2020-10-06 04:25:20'),
(1047, 'Item Updating', 'Item Updating', 'Kazi Golam Ruhul Shariful Islam', 1, 4, 1, 1, 'LOW', NULL, 1, '2020-09-29 04:26:00', '2020-10-06 04:25:49'),
(1048, 'Item Creating', 'Item Creating', 'Kazi Golam Ruhul Shariful Islam', 1, 4, 1, 1, 'LOW', NULL, 1, '2020-09-29 04:26:00', '2020-10-06 04:25:59'),
(1049, 'Item Creating', 'Item Creating', 'Kazi Golam Ruhul Shariful Islam', 1, 4, 1, 1, 'LOW', NULL, 1, '2020-09-29 04:27:00', '2020-10-06 04:26:15'),
(1050, 'Order link removing', 'Order link removing', 'Moshiur Rahman', 1, 4, 1, 1, 'LOW', NULL, 1, '2020-09-29 04:27:00', '2020-10-06 04:26:36'),
(1051, 'Order link removing', 'Order link removing', 'Moshiur Rahman', 1, 4, 1, 1, 'LOW', NULL, 1, '2020-09-29 04:27:00', '2020-10-06 04:26:44'),
(1052, 'Customer Information Updating', 'Customer Information Updating', 'azra quraishi', 2, 4, 2, 1, 'LOW', NULL, 1, '2020-09-29 04:28:00', '2020-10-06 04:27:16'),
(1053, 'Item Activation', 'Item Activation', 'Kazi Golam Ruhul Shariful Islam', 1, 4, 1, 1, 'LOW', NULL, 1, '2020-09-29 04:28:00', '2020-10-06 04:27:29'),
(1054, 'Customer Information Updating', 'Customer Information Updating', 'azra quraishi', 2, 4, 1, 1, 'LOW', NULL, 1, '2020-09-30 04:28:00', '2020-10-06 04:27:50'),
(1055, 'Item Creating', 'Item Creating', 'Arifur Rahman', 3, 4, 1, 1, 'LOW', NULL, 1, '2020-09-29 04:28:00', '2020-10-06 04:28:15'),
(1056, 'Item Activation', 'Item Activation', 'Moshiur Rahman', 1, 4, 1, 1, 'LOW', NULL, 1, '2020-10-06 11:48:00', '2020-10-06 11:47:31'),
(1057, 'Item Creating', 'Item Creating', 'Zakaria Ahmed', 7, 4, 1, 1, 'LOW', NULL, 1, '2020-10-06 11:48:00', '2020-10-06 11:48:02'),
(1058, 'Customer Name Updating', 'Customer Name Updating', 'Sharmin Shawon', 20, 4, 1, 1, 'LOW', NULL, 1, '2020-10-06 11:49:00', '2020-10-06 11:48:21'),
(1059, 'Order link removing', 'Order link removing', 'Moshiur Rahman', 1, 4, 1, 1, 'LOW', NULL, 1, '2020-10-06 11:49:00', '2020-10-06 11:48:38'),
(1060, 'Customer Name Updating', 'Customer Name Updating', 'azra quraishi', 2, 4, 1, 1, 'LOW', NULL, 1, '2020-10-06 11:49:00', '2020-10-06 11:48:59'),
(1061, 'CO unlock', 'CO unlock', 'FARHANA YEASMIN', 2, 4, 1, 5, 'LOW', NULL, 1, '2020-10-06 11:50:00', '2020-10-06 11:49:15'),
(1062, 'Price File Updating', 'Price File Updating', 'Annatoma Islam', 20, 4, 1, 1, 'LOW', NULL, 1, '2020-10-06 11:50:00', '2020-10-06 11:49:28'),
(1063, 'Price File Updating', 'Price File Updating', 'Annatoma Islam', 20, 4, 1, 1, 'LOW', NULL, 1, '2020-10-07 03:00:00', '2020-10-07 18:26:30'),
(1064, 'Item Activation', 'Item Activation', 'Md. Nazmul Alam', 1, 4, 1, 1, 'LOW', NULL, 1, '2020-10-07 03:00:00', '2020-10-07 18:26:56'),
(1065, 'Item Activation', 'Item Activation', 'Md. Nazmul Alam', 1, 4, 1, 1, 'LOW', NULL, 1, '2020-10-07 03:00:00', '2020-10-07 18:27:06'),
(1066, 'Customer Name Updating', 'Customer Name Updating', 'azra quraishi', 2, 4, 1, 1, 'LOW', NULL, 1, '2020-10-07 03:00:00', '2020-10-07 18:27:26'),
(1067, 'Item Activation', 'Item Activation', 'Annatoma Islam', 20, 4, 1, 1, 'LOW', NULL, 1, '2020-10-07 03:00:00', '2020-10-07 18:27:53'),
(1068, 'Server backup', 'Server backup', 'Annatoma Islam', 20, 4, 1, 1, 'LOW', NULL, 1, '2020-10-07 03:00:00', '2020-10-07 18:28:11'),
(1069, 'Price File Updating', 'Price File Updating', 'Annatoma Islam', 20, 4, 1, 1, 'LOW', NULL, 1, '2020-10-08 14:10:00', '2020-10-08 14:10:05'),
(1070, 'PIT File Error Checking', 'PIT File Error Checking', 'Annatoma Islam', 20, 4, 1, 1, 'LOW', NULL, 1, '2020-10-08 14:11:00', '2020-10-08 14:10:21'),
(1071, 'Server Backup', 'Server Backup', 'Annatoma Islam', 20, 4, 1, 1, 'LOW', NULL, 1, '2020-10-08 14:11:00', '2020-10-08 14:10:35'),
(1072, 'Item Activation', 'Item Activation', 'Md. Sanzidul Islam Sani', 6, 4, 1, 1, 'LOW', NULL, 1, '2020-10-08 14:12:00', '2020-10-08 14:11:33'),
(1073, 'Release Problem', 'Release Problem', 'Biswajit Saha', 12, 4, 1, 1, 'LOW', NULL, 1, '2020-10-08 14:12:00', '2020-10-08 14:11:53'),
(1074, 'Item Updating', 'Item Updating', 'Kazi Golam Ruhul Shariful Islam', 1, 4, 1, 1, 'LOW', NULL, 1, '2020-10-08 14:13:00', '2020-10-08 14:12:24'),
(1075, 'Item Updating', 'Item Updating', 'Moshiur Rahman', 1, 4, 1, 1, 'LOW', NULL, 1, '2020-10-08 14:13:00', '2020-10-08 14:12:38'),
(1076, 'Item Updating', 'Item Updating', 'Moshiur Rahman', 1, 4, 1, 1, 'LOW', NULL, 1, '2020-10-08 14:13:00', '2020-10-08 14:12:48'),
(1077, 'Customer Information Updating', 'Customer Information Updating', 'Sharmin Shawon', 20, 4, 1, 1, 'LOW', NULL, 1, '2020-10-08 14:26:00', '2020-10-08 14:25:36'),
(1078, 'Monthly Divisional Meeting', 'Monthly Divisional Meeting', 'Annatoma Islam', 20, 4, 1, 1, 'LOW', NULL, 1, '2020-10-08 14:26:00', '2020-10-08 14:26:08'),
(1079, 'Item Activation', 'Item Activation', 'Kazi Golam Ruhul Shariful Islam', 1, 4, 1, 1, 'LOW', NULL, 1, '2020-10-08 14:27:00', '2020-10-08 14:26:26'),
(1080, 'Item creating', 'Item creating', 'Kazi Golam Ruhul Shariful Islam', 1, 4, 1, 1, 'LOW', NULL, 1, '2020-10-11 12:38:00', '2020-10-11 12:37:41'),
(1081, 'Item Updating', 'Item Updating', 'Kazi Golam Ruhul Shariful Islam', 1, 4, 1, 1, 'LOW', NULL, 1, '2020-10-11 12:38:00', '2020-10-11 12:37:56'),
(1082, 'CO link removing', 'CO link removing', 'Kazi Golam Ruhul Shariful Islam', 1, 4, 1, 1, 'LOW', NULL, 1, '2020-10-11 12:38:00', '2020-10-11 12:38:14'),
(1083, 'Customer Removing', 'Customer Removing', 'azra quraishi', 2, 4, 1, 1, 'LOW', NULL, 1, '2020-10-11 12:39:00', '2020-10-11 12:38:33'),
(1084, 'Server Backup', 'Server Backup', 'Annatoma Islam', 20, 4, 1, 1, 'LOW', NULL, 1, '2020-10-11 12:39:00', '2020-10-11 12:38:46'),
(1085, 'Item Updating', 'Item Updating', 'Kazi Golam Ruhul Shariful Islam', 1, 4, 1, 1, 'LOW', NULL, 1, '2020-10-12 13:30:00', '2020-10-12 13:29:23'),
(1086, 'Item Updating', 'Item Updating', 'Kazi Golam Ruhul Shariful Islam', 1, 4, 1, 1, 'LOW', NULL, 1, '2020-10-12 13:30:00', '2020-10-12 13:29:34'),
(1087, 'Item Updating', 'Item Updating', 'Moshiur Rahman', 1, 4, 1, 1, 'LOW', NULL, 1, '2020-10-12 13:30:00', '2020-10-12 13:29:55'),
(1088, 'Item Creating', 'Item Creating', 'Kazi Golam Ruhul Shariful Islam', 1, 4, 1, 1, 'LOW', NULL, 1, '2020-10-12 13:30:00', '2020-10-12 13:30:06'),
(1089, 'Rental Part Activation', 'Rental Part Activation', 'Mohammad Harunur Rashid', 14, 4, 1, 1, 'LOW', NULL, 1, '2020-10-12 13:31:00', '2020-10-12 13:30:18'),
(1090, 'Rental Part Activation', 'Rental Part Activation', 'Mohammad Harunur Rashid', 14, 4, 1, 1, 'LOW', NULL, 1, '2020-10-12 13:31:00', '2020-10-12 13:30:28'),
(1091, 'CO syncing problem troubleshooting', 'CO syncing problem troubleshooting', 'Md. Imam Hossain Bhuiyan', 2, 4, 1, 1, 'LOW', NULL, 1, '2020-10-12 13:31:00', '2020-10-12 13:31:11'),
(1092, 'Monthly Divisional Meeting Minutes circulating', 'Monthly Divisional Meeting Minutes circulating', 'Annatoma Islam', 20, 4, 1, 1, 'LOW', NULL, 1, '2020-10-12 13:32:00', '2020-10-12 13:31:32'),
(1093, 'Price File Updating', 'Price File Updating', 'Annatoma Islam', 20, 4, 1, 1, 'LOW', NULL, 1, '2020-10-12 13:32:00', '2020-10-12 13:31:43'),
(1094, 'Server Backup', 'Server Backup', 'Annatoma Islam', 20, 4, 1, 1, 'LOW', NULL, 1, '2020-10-12 13:32:00', '2020-10-12 13:31:58'),
(1095, 'Item Updating', 'Item Updating', 'Kazi Golam Ruhul Shariful Islam', 1, 4, 1, 1, 'LOW', NULL, 1, '2020-10-13 11:36:00', '2020-10-13 11:35:17'),
(1096, 'Item Updating', 'Item Updating', 'Kazi Golam Ruhul Shariful Islam', 1, 4, 1, 1, 'LOW', NULL, 1, '2020-10-13 11:36:00', '2020-10-13 11:35:27'),
(1097, 'Item Updating', 'Item Updating', 'Moshiur Rahman', 1, 4, 1, 1, 'LOW', NULL, 1, '2020-10-13 11:36:00', '2020-10-13 11:35:35'),
(1098, 'Item Updating', 'Item Updating', 'Moshiur Rahman', 1, 4, 1, 1, 'LOW', NULL, 1, '2020-10-13 11:36:00', '2020-10-13 11:35:43'),
(1099, 'Price File Updating', 'Price File Updating', 'Annatoma Islam', 20, 4, 1, 1, 'LOW', NULL, 1, '2020-10-13 11:36:00', '2020-10-13 11:35:55'),
(1100, 'Server Backup', 'Server Backup', 'Annatoma Islam', 20, 4, 1, 1, 'LOW', NULL, 1, '2020-10-13 11:36:00', '2020-10-13 11:36:07'),
(1101, 'Lawson Install', 'Lawson Install', 'Torunima Islam', 8, 4, 1, 35, 'LOW', NULL, 1, '2020-10-13 11:37:00', '2020-10-13 11:36:24'),
(1102, 'Lawson Install', 'Lawson Install', 'FARHANA YEASMIN', 2, 4, 1, 35, 'LOW', NULL, 1, '2020-10-13 11:37:00', '2020-10-13 11:36:36'),
(1103, 'Item Updating', 'Item Updating', 'Kazi Golam Ruhul Shariful Islam', 1, 4, 1, 1, 'LOW', NULL, 1, '2020-10-14 11:59:00', '2020-10-14 11:58:58'),
(1104, 'Item Updating', 'Item Updating', 'Kazi Golam Ruhul Shariful Islam', 1, 4, 1, 1, 'LOW', NULL, 1, '2020-10-14 11:59:00', '2020-10-14 11:59:08'),
(1105, 'Item Updating', 'Item Updating', 'Moshiur Rahman', 1, 4, 1, 1, 'LOW', NULL, 1, '2020-10-14 12:00:00', '2020-10-14 11:59:17'),
(1106, 'Item Updating', 'Item Updating', 'Moshiur Rahman', 1, 4, 1, 1, 'LOW', NULL, 1, '2020-10-14 12:00:00', '2020-10-14 11:59:26'),
(1107, 'Lawson Install', 'Lawson Install', 'Altamash Farah Shanto', 11, 4, 1, 1, 'LOW', NULL, 1, '2020-10-14 12:00:00', '2020-10-14 11:59:41'),
(1108, 'mobile sales install', 'mobile sales install', 'FARHANA YEASMIN', 2, 4, 8, 35, 'LOW', NULL, 1, '2020-10-14 12:00:00', '2020-10-14 11:59:59'),
(1109, 'CDID Code updating', 'CDID Code updating', 'Sharmin Shawon', 20, 4, 1, 1, 'LOW', NULL, 1, '2020-10-14 12:01:00', '2020-10-14 12:01:02'),
(1110, 'Price file Updating', 'Price file Updating', 'Annatoma Islam', 20, 4, 1, 1, 'LOW', NULL, 1, '2020-10-14 12:02:00', '2020-10-14 12:01:42'),
(1111, 'Server Backup', 'Server Backup', 'Annatoma Islam', 20, 4, 3, 25, 'LOW', NULL, 1, '2020-10-14 12:02:00', '2020-10-14 12:01:59'),
(1112, 'Price File Updating', 'Price File Updating', 'Annatoma Islam', 20, 4, 1, 1, 'LOW', NULL, 1, '2020-10-18 13:07:00', '2020-10-18 13:06:35'),
(1113, 'Warranty Settlement Report Generating', 'Warranty Settlement Report Generating', 'Rumana Akter', 3, 4, 1, 1, 'LOW', NULL, 1, '2020-10-18 13:07:00', '2020-10-18 13:07:04'),
(1114, 'Item Creating', 'Item Creating', 'Kazi Golam Ruhul Shariful Islam', 1, 4, 1, 1, 'LOW', NULL, 1, '2020-10-18 13:08:00', '2020-10-18 13:07:23'),
(1115, 'Server Backup', 'Server Backup', 'Annatoma Islam', 20, 4, 1, 1, 'LOW', NULL, 1, '2020-10-18 13:08:00', '2020-10-18 13:07:45'),
(1116, 'Item Updating', 'Item Updating', 'Kazi Golam Ruhul Shariful Islam', 1, 4, 1, 1, 'LOW', NULL, 1, '2020-10-22 11:50:00', '2020-10-22 11:50:06'),
(1117, 'Item Activation', 'Item Activation', 'Minhazul Bari Galib', 2, 4, 1, 1, 'LOW', NULL, 1, '2020-10-22 11:51:00', '2020-10-22 11:50:20'),
(1118, 'CO unlock', 'CO unlock', 'FARHANA YEASMIN', 2, 4, 1, 1, 'LOW', NULL, 1, '2020-10-22 11:51:00', '2020-10-22 11:50:32'),
(1119, 'CO unlock', 'CO unlock', 'Sabib Hossain', 2, 4, 1, 1, 'LOW', NULL, 1, '2020-10-22 11:51:00', '2020-10-22 11:50:42'),
(1120, 'Item Creating', 'Item Creating', 'Abdullah Al Amin', 1, 4, 1, 1, 'LOW', NULL, 1, '2020-10-22 11:51:00', '2020-10-22 11:50:52'),
(1121, 'Server Backup', 'Server Backup', 'Annatoma Islam', 20, 4, 1, 1, 'LOW', NULL, 1, '2020-10-22 11:51:00', '2020-10-22 11:51:03'),
(1122, 'Price File Updating', 'Price File Updating', 'Annatoma Islam', 20, 4, 1, 1, 'LOW', NULL, 1, '2020-10-22 11:51:00', '2020-10-22 11:51:14'),
(1123, 'PIT File Error Checking', 'PIT File Error Checking', 'Annatoma Islam', 20, 4, 1, 5, 'LOW', NULL, 1, '2020-10-22 11:52:00', '2020-10-22 11:51:27'),
(1124, 'Price File Updating', 'Price File Updating', 'Annatoma Islam', 20, 4, 1, 25, 'LOW', NULL, 1, '2020-10-25 13:28:00', '2020-10-25 13:27:22'),
(1125, 'Server Backup', 'Server Backup', 'Annatoma Islam', 20, 4, 3, 25, 'LOW', NULL, 1, '2020-10-25 13:28:00', '2020-10-25 13:27:37'),
(1126, 'Item Activation', 'Item Activation', 'Kazi Golam Ruhul Shariful Islam', 1, 4, 1, 1, 'LOW', NULL, 1, '2020-10-25 13:28:00', '2020-10-25 13:27:50'),
(1127, 'Customer Name Updating', 'Customer Name Updating', 'Golam Sarwar - SCM', 1, 4, 1, 1, 'LOW', NULL, 1, '2020-10-25 13:28:00', '2020-10-25 13:28:11'),
(1128, 'Item Activation', 'Item Activation', 'Moshiur Rahman', 1, 4, 1, 1, 'LOW', NULL, 1, '2020-10-25 13:29:00', '2020-10-25 13:28:25'),
(1129, 'Order link removing', 'Order link removing', 'Kazi Golam Ruhul Shariful Islam', 1, 4, 1, 1, 'LOW', NULL, 1, '2020-10-25 13:29:00', '2020-10-25 13:28:39'),
(1130, 'Rental Part Activation', 'Rental Part Activation', 'Asman Tarofder Asharza', 14, 4, 1, 1, 'LOW', NULL, 1, '2020-10-25 13:29:00', '2020-10-25 13:28:53'),
(1131, 'Rental Part Activation', 'Rental Part Activation', 'Asman Tarofder Asharza', 14, 4, 1, 1, 'LOW', NULL, 1, '2020-10-25 13:29:00', '2020-10-25 13:29:03'),
(1132, 'correct Consignee', 'correct Consignee', 'Nowshad Shamsul Arefin', 1, 4, 1, 1, 'LOW', NULL, 1, '2020-10-25 13:30:00', '2020-10-25 13:29:17'),
(1133, 'Release Problem', 'Release Problem', 'Abu Talha', 2, 4, 1, 1, 'LOW', NULL, 1, '2020-10-25 13:30:00', '2020-10-25 13:29:30'),
(1134, 'Order link removing', 'Order link removing', 'Moshiur Rahman', 1, 4, 1, 1, 'LOW', NULL, 1, '2020-10-25 13:30:00', '2020-10-25 13:29:43'),
(1135, 'MS Teams Support', 'MS Teams Support', 'Salimullah Ahsan', 10, 1, 8, 5, 'MEDIUM', NULL, 1, '2020-10-27 04:31:00', '2020-10-27 04:30:27'),
(1136, 'Perform daily checklist', 'Perform daily checklist', 'Tanvir Rahim', 20, 1, 3, 25, 'LOW', NULL, 1, '2020-10-27 04:32:00', '2020-10-27 04:31:47'),
(1137, 'Project: BRM Server Relocation', 'Contact with CPU for product purchase status.', 'Bazlur Rashid', 18, 1, 6, 39, 'MEDIUM', NULL, 1, '2020-10-27 04:35:00', '2020-10-27 12:29:44'),
(1138, 'Project: IPA Implementation', 'Consult with F&A and prepare approval level document', 'Bazlur Rashid', 20, 1, 1, 39, 'MEDIUM', NULL, 1, '2020-10-27 04:45:00', '2020-10-27 04:45:13'),
(1139, 'LTMSRV2 Service down', 'Try to bring the LTM service back', 'Bazlur Rashid', 20, 1, 1, 5, 'HIGH', NULL, 1, '2020-10-27 05:16:00', '2020-10-27 12:29:51'),
(1140, 'CDID Code updating', 'CDID Code updating', 'Sharmin Shawon', 20, 4, 1, 1, 'LOW', NULL, 1, '2020-10-27 14:12:00', '2020-10-27 14:11:59'),
(1141, 'Price File Updating', 'Price File Updating', 'Annatoma Islam', 20, 4, 1, 25, 'LOW', NULL, 1, '2020-10-27 14:12:00', '2020-10-27 14:12:16'),
(1142, 'Item Creating', 'Item Creating', 'S.M. Jobair', 2, 4, 1, 1, 'LOW', NULL, 1, '2020-10-27 14:13:00', '2020-10-27 14:12:46'),
(1143, 'Item Creating', 'Item Creating', 'Kazi Golam Ruhul Shariful Islam', 1, 4, 1, 1, 'LOW', NULL, 1, '2020-10-27 14:13:00', '2020-10-27 14:13:03'),
(1144, 'Resolving Registration Number Problem', 'Resolving Registration Number Problem', 'azra quraishi', 2, 4, 1, 1, 'LOW', NULL, 1, '2020-10-27 14:14:00', '2020-10-27 14:13:24'),
(1145, 'Server Backup', 'Server Backup', 'Annatoma Islam', 20, 4, 1, 1, 'LOW', NULL, 1, '2020-10-27 14:19:00', '2020-10-27 14:18:16'),
(1146, 'Report for CEO', 'All ERP server functionality report', 'Zayed Imran', 4, 1, 3, 10, 'MEDIUM', NULL, 1, '2020-10-28 07:19:00', '2020-10-28 07:18:29'),
(1147, 'MS Teams Support', 'DMT login problem for Alied Division', 'Samsuddoza Alvi', 7, 1, 8, 5, 'MEDIUM', NULL, 1, '2020-10-28 07:19:00', '2020-10-28 07:18:51'),
(1148, 'Test', 'Test', 'Tanvir Rahim', 20, 7, 8, 5, 'MEDIUM', NULL, 1, '2020-10-28 08:00:00', '2020-10-28 07:05:02'),
(1149, 'Test 2', 'Test 2', 'Tanvir Rahim', 20, 7, 6, 39, 'LOW', NULL, 1, '2020-10-28 07:07:00', '2020-10-28 07:07:15'),
(1150, 'Price File Updating', 'Price File Updating', 'Annatoma Islam', 20, 4, 1, 25, 'LOW', NULL, 1, '2020-10-28 11:35:00', '2020-10-28 11:34:59'),
(1151, 'Server Backup', 'Server Backup', 'Annatoma Islam', 20, 4, 3, 25, 'LOW', NULL, 1, '2020-10-28 11:36:00', '2020-10-28 11:35:15'),
(1152, 'Item Updating', 'Item Updating', 'Kazi Golam Ruhul Shariful Islam', 1, 4, 1, 1, 'LOW', NULL, 1, '2020-10-28 11:36:00', '2020-10-28 11:35:44'),
(1153, 'Item Updating', 'Item Updating', 'Moshiur Rahman', 1, 4, 1, 1, 'LOW', NULL, 1, '2020-10-28 11:36:00', '2020-10-28 11:35:53'),
(1154, 'Customer Creating', 'Customer Creating', 'Golam Sarwar - SCM', 1, 4, 2, 1, 'LOW', NULL, 1, '2020-10-28 11:36:00', '2020-10-28 11:36:11'),
(1155, 'Item Creating', 'Item Creating', 'Kazi Golam Ruhul Shariful Islam', 1, 4, 1, 1, 'LOW', NULL, 1, '2020-10-28 11:37:00', '2020-10-28 11:36:28'),
(1156, 'Release Problem', 'Release Problem', 'FARHANA YEASMIN', 2, 4, 1, 1, 'LOW', NULL, 1, '2020-10-28 11:37:00', '2020-10-28 11:36:42'),
(1157, 'CO unlock', 'CO unlock', 'Jabun Nahar', 2, 4, 1, 1, 'LOW', NULL, 1, '2020-10-28 11:37:00', '2020-10-28 11:36:54'),
(1158, 'correct Consignee', 'correct Consignee', 'Nowshad Shamsul Arefin', 1, 4, 1, 1, 'LOW', NULL, 1, '2020-10-28 11:37:00', '2020-10-28 11:37:08'),
(1159, 'Item Updating', 'Item Updating', 'Moshiur Rahman', 1, 4, 1, 1, 'LOW', NULL, 1, '2020-10-28 11:38:00', '2020-10-28 11:37:21'),
(1160, 'IT Support', 'MS word support', 'Tanvir Rahim', 20, 8, 8, 5, 'MEDIUM', NULL, 1, '2020-10-29 03:28:00', '2020-10-29 03:27:32'),
(1161, 'Test', 'test', 'Tanvir Rahim', 20, 8, 1, 1, 'HIGH', NULL, 1, '2020-10-29 03:28:00', '2020-10-29 03:27:46'),
(1162, 'Test', 'test', 'Rashed', 4, 1, 1, 1, 'LOW', NULL, 1, '2020-10-29 04:00:00', '2020-10-29 03:55:04'),
(1163, 'Update IT Ticketing System', 'Update IT Ticketing System', 'Bazlur Rashid', 20, 1, 7, 40, 'HIGH', NULL, 2, '2020-10-29 03:56:00', '2020-10-29 03:56:20'),
(1164, 'MCO: 0082000063 line:  1 Remove', 'For wrong distribution warehouse', 'Jabun Nahar', 2, 1, 1, 5, 'MEDIUM', NULL, 1, '2020-10-29 05:00:00', '2020-10-29 04:48:38'),
(1165, 'BRM Server Re-location', 'Work with PDU', 'Kamrul Ahasan', 4, 1, 6, 39, 'HIGH', NULL, 2, '2020-10-29 04:52:00', '2020-10-29 04:52:13'),
(1166, 'Price File Updating', 'Price File Updating', 'Annatoma Islam', 20, 4, 1, 1, 'LOW', NULL, 1, '2020-10-29 11:48:00', '2020-10-29 11:47:39'),
(1167, 'Server Backup', 'Server Backup', 'Annatoma Islam', 20, 4, 1, 1, 'LOW', NULL, 1, '2020-10-29 11:48:00', '2020-10-29 11:47:49'),
(1168, 'PIT File Error Checking', 'PIT File Error Checking', 'Annatoma Islam', 20, 4, 1, 5, 'LOW', NULL, 1, '2020-10-29 11:48:00', '2020-10-29 11:48:07'),
(1169, 'Item Creating', 'Item Creating', 'Kazi Golam Ruhul Shariful Islam', 1, 4, 1, 1, 'LOW', NULL, 1, '2020-10-29 11:49:00', '2020-10-29 11:48:23'),
(1170, 'CO unlock', 'CO unlock', 'Md. Saiful Alam Shabbir', 2, 4, 1, 5, 'LOW', NULL, 1, '2020-10-29 11:49:00', '2020-10-29 11:48:55'),
(1171, 'CO unlock', 'CO unlock', 'Md. Saiful Alam Shabbir', 2, 4, 1, 1, 'LOW', NULL, 1, '2020-10-29 11:50:00', '2020-10-29 11:49:28'),
(1172, 'Teams Troubleshooting', 'Teams Troubleshooting', 'Altamash Farah Shanto', 11, 4, 8, 35, 'LOW', NULL, 1, '2020-10-29 11:50:00', '2020-10-29 11:49:52'),
(1173, 'Teams Troubleshooting', 'Teams Troubleshooting', 'sabbir rashid', 7, 4, 8, 5, 'LOW', NULL, 1, '2020-10-29 11:50:00', '2020-10-29 11:50:14'),
(1174, 'SMS installation', 'SMS installation', 'Ali Rezwan Khan', 6, 4, 2, 1, 'LOW', NULL, 1, '2020-10-29 11:51:00', '2020-10-29 11:50:34'),
(1175, 'Customer Address Updating In Lawson and SMS', 'Customer Address Updating In Lawson and SMS', 'Rayhan Rakib', 7, 4, 1, 1, 'LOW', NULL, 1, '2020-11-01 12:52:00', '2020-11-01 12:52:10'),
(1176, 'Item Creating', 'Item Creating', 'Kazi Golam Ruhul Shariful Islam', 1, 4, 1, 1, 'LOW', NULL, 1, '2020-11-01 12:53:00', '2020-11-01 12:52:25'),
(1177, 'DL001 creating in Lawson', 'DL001 creating in Lawson', 'Qazi Shariful Haider', 3, 4, 1, 1, 'LOW', NULL, 1, '2020-11-01 12:53:00', '2020-11-01 12:53:08'),
(1178, 'Order link removing', 'Order link removing', 'Moshiur Rahman', 1, 4, 1, 1, 'LOW', NULL, 1, '2020-11-01 12:54:00', '2020-11-01 12:53:41'),
(1179, 'Item Creating', 'Item Creating', 'Kazi Golam Ruhul Shariful Islam', 1, 4, 1, 1, 'LOW', NULL, 1, '2020-11-01 12:55:00', '2020-11-01 12:54:22'),
(1180, 'Price File Updating', 'Price File Updating', 'Annatoma Islam', 20, 4, 1, 1, 'LOW', NULL, 1, '2020-11-01 12:55:00', '2020-11-01 12:54:41'),
(1181, 'Server Backup', 'Server Backup', 'Annatoma Islam', 20, 4, 2, 25, 'LOW', NULL, 1, '2020-11-01 12:55:00', '2020-11-01 12:55:15'),
(1182, 'Server Backup', 'Server Backup', 'Annatoma Islam', 20, 4, 3, 25, 'LOW', NULL, 1, '2020-11-02 11:18:00', '2020-11-02 11:18:04'),
(1183, 'CO unlock', 'CO unlock', 'Nazmul Hassan', 2, 4, 1, 5, 'LOW', NULL, 1, '2020-11-02 11:19:00', '2020-11-02 11:18:27'),
(1184, 'DO Unlock', 'DO Unlock', 'Md. Mrenal Hossain', 1, 4, 1, 5, 'LOW', NULL, 1, '2020-11-02 11:19:00', '2020-11-02 11:18:53'),
(1185, 'Item Updating', 'Item Updating', 'Kazi Golam Ruhul Shariful Islam', 1, 4, 1, 1, 'LOW', NULL, 1, '2020-11-02 11:19:00', '2020-11-02 11:19:11'),
(1186, 'DL001 creating in Lawson', 'DL001 creating in Lawson', 'Shegufa Eram', 8, 4, 1, 1, 'LOW', NULL, 1, '2020-11-02 11:20:00', '2020-11-02 11:19:45'),
(1187, 'checking daily jobs', NULL, 'bazlur rashid', 20, 2, 3, 25, 'MEDIUM', NULL, 1, '2020-11-03 02:55:00', '2020-11-03 03:02:45'),
(1188, 'Price File Updating', 'Price File Updating', 'Annatoma Islam', 20, 4, 1, 1, 'LOW', NULL, 1, '2020-11-03 11:54:00', '2020-11-03 11:53:48'),
(1189, 'Server Backup', 'Server Backup', 'Annatoma Islam', 20, 4, 3, 25, 'LOW', NULL, 1, '2020-11-03 11:54:00', '2020-11-03 11:54:02'),
(1190, 'Item Creating', 'Item Creating', 'Abdullah Al Amin', 1, 4, 1, 1, 'LOW', NULL, 1, '2020-11-03 11:54:00', '2020-11-03 11:54:12'),
(1191, 'CO unlock', 'CO unlock', 'Intesar Ali Fahim', 2, 4, 1, 1, 'LOW', NULL, 1, '2020-11-03 11:55:00', '2020-11-03 11:54:39'),
(1192, 'CO unlock', 'CO unlock', 'Intesar Ali Fahim', 2, 4, 1, 1, 'LOW', NULL, 1, '2020-11-03 11:55:00', '2020-11-03 11:54:50'),
(1193, 'daily jobs checking', 'm3 and sms', 'bazlur rashid', 20, 2, 1, 25, 'MEDIUM', NULL, 1, '2020-11-04 02:50:00', '2020-11-04 03:22:58'),
(1194, 'sms support', NULL, 'ziaul haque', 5, 2, 2, 5, 'LOW', NULL, 1, '2020-11-03 08:00:00', '2020-11-04 03:23:56'),
(1195, 'PRIME PRODUCT ALLOCATION ISSUE', 'PRIME PRODUCT ALLOCATION ISSUE IN MMS100', 'mrenal hossain', 1, 2, 1, 1, 'MEDIUM', NULL, 1, '2020-11-03 03:52:00', '2020-11-04 03:26:19'),
(1196, 'rental consumable item creation', NULL, 'altamash farah', 11, 2, 1, 1, 'LOW', NULL, 1, '2020-11-03 09:15:00', '2020-11-04 03:27:20'),
(1197, 'create a analytic cube for pm job', 'create a analytic cube for pm job. complete to fact table', 'arifuzzaman', 20, 2, 1, 10, 'LOW', NULL, 1, '2020-11-03 09:30:00', '2020-11-04 03:30:02'),
(1198, 'customer report to finance', NULL, 'abu horaira', 3, 2, 1, 10, 'LOW', NULL, 1, '2020-11-02 11:00:00', '2020-11-04 03:31:01');

-- --------------------------------------------------------

--
-- Table structure for table `users`
--

CREATE TABLE `users` (
  `id` bigint(20) UNSIGNED NOT NULL,
  `name` varchar(255) COLLATE utf8mb4_unicode_ci NOT NULL,
  `email` varchar(255) COLLATE utf8mb4_unicode_ci NOT NULL,
  `email_verified_at` timestamp NULL DEFAULT NULL,
  `password` varchar(255) COLLATE utf8mb4_unicode_ci NOT NULL,
  `remember_token` varchar(100) COLLATE utf8mb4_unicode_ci DEFAULT NULL,
  `created_at` timestamp NULL DEFAULT NULL,
  `updated_at` timestamp NULL DEFAULT NULL
) ENGINE=InnoDB DEFAULT CHARSET=utf8mb4 COLLATE=utf8mb4_unicode_ci;

--
-- Dumping data for table `users`
--

INSERT INTO `users` (`id`, `name`, `email`, `email_verified_at`, `password`, `remember_token`, `created_at`, `updated_at`) VALUES
(1, 'Tanvir Rahim', 'tanvir.rahim@banglacat.com', NULL, '$2y$10$MaIFOOZht8Kird6Uv4wN2.EAsZNReyNHpqmrlAVkivqVz7DlBHYFW', '8pDI3k4MoVsKgDBYnp356KFGCuab3tb2OI9RMF6fz2DeHUvdeGwJg4jqQeTB', '2020-03-24 13:45:18', '2020-03-24 13:45:18'),
(2, 'Sharmin Shawon', 'sharmin.shawon@banglacat.com', NULL, '$2y$10$r1nWtkcYsEg7zyO5Pj.zue1TReVnr9xSdWWlRmCJr.GsswKk9AI8m', 'cnyRohIvw4Wn50jbY4fkaFNxBG0ZQwol7Wa1yfYoQmb6WvapKTMRuiEKVtuH', '2020-03-24 13:44:39', '2020-03-24 13:44:39'),
(3, 'Nesma Huda', 'nesma.huda@banglacat.com', NULL, '$2y$10$kx8Dd47qHHoRV3y1uxKiCuR6YnXJKkALzOE8rdxCxsKFAFoDbcE6q', NULL, '2020-04-01 14:16:38', '2020-04-01 14:16:38'),
(4, 'Annatoma Islam', 'annatoma.islam@banglacat.com', NULL, '$2y$10$A8DhmmXp4Fz8YW1oj7XRd.fLjLg0mEAWuIhhEwuL8uhBL5fE.RkPa', 'vSAy01esCz1p0CvdiD67Wqjr1BrgC2qqfbx7zmbnO5AEZCzMLtRiIZaZxLJb', '2020-04-01 14:17:33', '2020-04-01 14:17:33'),
(5, 'Bazlur Rashid', 'bazlur.rashid@banglacat.com', NULL, '$2y$10$uqE16Y59spr9gYeSvgMTXOLYNQ9ouGpWqeeMlurTYghP4TfCDz0km', NULL, '2020-04-01 14:18:27', '2020-04-01 14:18:27'),
(6, 'Tofael Ahmad', 'tofael.ahmad@banglacat.com', NULL, '$2y$10$VvNNqZ28K32ezqCi2iCXIeZhNRVvXyrSHlJLqETjTwZH6jx9NMzpi', NULL, '2020-04-01 14:19:05', '2020-04-01 14:19:05'),
(7, 'Zayed Imran Choudhury', 'zayed.imran@banglacat.com', NULL, '$2y$10$QhagoLF8tni0gNJQ0jN93eNsVqfOoCiNDBeRfKx/c1TtDHBt10ewO', NULL, '2020-10-28 07:01:23', '2020-10-28 07:01:23'),
(8, 'Md. Rashed Ul Islam', 'islam.rashed@banglacat.com', NULL, '$2y$10$sAJH8dQzk4cfvThSOgjDf.po5Ogo9dUpjfkFuBV/cDbz.NNAifqJW', NULL, '2020-10-29 03:23:39', '2020-10-29 03:23:39'),
(9, 'A B M KAMRUL AHASAN MAJUMDER', 'kamrul.ahasan@banglacat.com', NULL, '$2y$10$jsZ7kXs0rZi0t0Bp6YUEO.hq6yzPnUOmx6FndNXqKrTZHWHoGrZb6', NULL, '2020-10-29 08:35:01', '2020-10-29 08:35:01');

--
-- Indexes for dumped tables
--

--
-- Indexes for table `categories`
--
ALTER TABLE `categories`
  ADD PRIMARY KEY (`id`);

--
-- Indexes for table `divisions`
--
ALTER TABLE `divisions`
  ADD PRIMARY KEY (`id`);

--
-- Indexes for table `failed_jobs`
--
ALTER TABLE `failed_jobs`
  ADD PRIMARY KEY (`id`);

--
-- Indexes for table `migrations`
--
ALTER TABLE `migrations`
  ADD PRIMARY KEY (`id`);

--
-- Indexes for table `reports`
--
ALTER TABLE `reports`
  ADD PRIMARY KEY (`id`);

--
-- Indexes for table `statuses`
--
ALTER TABLE `statuses`
  ADD PRIMARY KEY (`id`);

--
-- Indexes for table `systems`
--
ALTER TABLE `systems`
  ADD PRIMARY KEY (`id`);

--
-- Indexes for table `tickets`
--
ALTER TABLE `tickets`
  ADD PRIMARY KEY (`id`);

--
-- Indexes for table `users`
--
ALTER TABLE `users`
  ADD PRIMARY KEY (`id`);

--
-- AUTO_INCREMENT for dumped tables
--

--
-- AUTO_INCREMENT for table `categories`
--
ALTER TABLE `categories`
  MODIFY `id` bigint(20) UNSIGNED NOT NULL AUTO_INCREMENT, AUTO_INCREMENT=44;

--
-- AUTO_INCREMENT for table `divisions`
--
ALTER TABLE `divisions`
  MODIFY `id` bigint(20) UNSIGNED NOT NULL AUTO_INCREMENT, AUTO_INCREMENT=21;

--
-- AUTO_INCREMENT for table `failed_jobs`
--
ALTER TABLE `failed_jobs`
  MODIFY `id` bigint(20) UNSIGNED NOT NULL AUTO_INCREMENT;

--
-- AUTO_INCREMENT for table `migrations`
--
ALTER TABLE `migrations`
  MODIFY `id` int(10) UNSIGNED NOT NULL AUTO_INCREMENT, AUTO_INCREMENT=43;

--
-- AUTO_INCREMENT for table `reports`
--
ALTER TABLE `reports`
  MODIFY `id` bigint(20) UNSIGNED NOT NULL AUTO_INCREMENT;

--
-- AUTO_INCREMENT for table `statuses`
--
ALTER TABLE `statuses`
  MODIFY `id` bigint(20) UNSIGNED NOT NULL AUTO_INCREMENT, AUTO_INCREMENT=4;

--
-- AUTO_INCREMENT for table `systems`
--
ALTER TABLE `systems`
  MODIFY `id` bigint(20) UNSIGNED NOT NULL AUTO_INCREMENT, AUTO_INCREMENT=9;

--
-- AUTO_INCREMENT for table `tickets`
--
ALTER TABLE `tickets`
  MODIFY `id` bigint(20) UNSIGNED NOT NULL AUTO_INCREMENT, AUTO_INCREMENT=1199;

--
-- AUTO_INCREMENT for table `users`
--
ALTER TABLE `users`
  MODIFY `id` bigint(20) UNSIGNED NOT NULL AUTO_INCREMENT, AUTO_INCREMENT=10;
COMMIT;

/*!40101 SET CHARACTER_SET_CLIENT=@OLD_CHARACTER_SET_CLIENT */;
/*!40101 SET CHARACTER_SET_RESULTS=@OLD_CHARACTER_SET_RESULTS */;
/*!40101 SET COLLATION_CONNECTION=@OLD_COLLATION_CONNECTION */;
